[2025-03-13 15:40:59] [ INFO ] [SpaceService:56] Finding all spaces
[2025-03-13 15:40:59] [ INFO ] [SpaceService:56] Finding all spaces
[2025-03-13 15:40:59] [ INFO ] [SpaceImageService:44] Finding space images
[2025-03-13 15:40:59] [ INFO ] [SpaceImageService:44] Finding space images
[2025-03-13 15:40:59] [ INFO ] [SpaceImageService:49] Filtering by spaceId: 1
[2025-03-13 15:40:59] [ INFO ] [SpaceImageService:49] Filtering by spaceId: 1
[2025-03-13 15:40:59] [ INFO ] [SpaceImageService:59] Space images found: 1
[2025-03-13 15:40:59] [ INFO ] [SpaceImageService:59] Space images found: 1
[2025-03-13 15:40:59] [ INFO ] [SpaceImageService:44] Finding space images
[2025-03-13 15:40:59] [ INFO ] [SpaceImageService:44] Finding space images
[2025-03-13 15:40:59] [ INFO ] [SpaceImageService:49] Filtering by spaceId: 2
[2025-03-13 15:40:59] [ INFO ] [SpaceImageService:49] Filtering by spaceId: 2
[2025-03-13 15:40:59] [ INFO ] [SpaceImageService:59] Space images found: 1
[2025-03-13 15:40:59] [ INFO ] [SpaceImageService:44] Finding space images
[2025-03-13 15:40:59] [ INFO ] [SpaceImageService:49] Filtering by spaceId: 3
[2025-03-13 15:40:59] [ INFO ] [SpaceImageService:59] Space images found: 1
[2025-03-13 15:40:59] [ INFO ] [SpaceImageService:44] Finding space images
[2025-03-13 15:40:59] [ INFO ] [SpaceImageService:49] Filtering by spaceId: 3
[2025-03-13 15:40:59] [ INFO ] [SpaceImageService:59] Space images found: 1
[2025-03-13 15:40:59] [ INFO ] [SpaceImageService:44] Finding space images
[2025-03-13 15:40:59] [ INFO ] [SpaceImageService:49] Filtering by spaceId: 4
[2025-03-13 15:40:59] [ INFO ] [SpaceImageService:59] Space images found: 1
[2025-03-13 15:40:59] [ INFO ] [SpaceImageService:44] Finding space images
[2025-03-13 15:40:59] [ INFO ] [SpaceImageService:49] Filtering by spaceId: 4
[2025-03-13 15:40:59] [ INFO ] [SpaceImageService:59] Space images found: 1
[2025-03-13 15:40:59] [ INFO ] [SpaceImageService:59] Space images found: 1
[2025-03-13 15:40:59] [ INFO ] [SpaceImageService:44] Finding space images
[2025-03-13 15:40:59] [ INFO ] [SpaceImageService:49] Filtering by spaceId: 5
[2025-03-13 15:40:59] [ INFO ] [SpaceImageService:44] Finding space images
[2025-03-13 15:40:59] [ INFO ] [SpaceImageService:49] Filtering by spaceId: 5
[2025-03-13 15:40:59] [ INFO ] [SpaceImageService:59] Space images found: 1
[2025-03-13 15:40:59] [ INFO ] [SpaceImageService:44] Finding space images
[2025-03-13 15:40:59] [ INFO ] [SpaceImageService:49] Filtering by spaceId: 10
[2025-03-13 15:40:59] [ INFO ] [SpaceImageService:59] Space images found: 1
[2025-03-13 15:40:59] [ INFO ] [SpaceImageService:44] Finding space images
[2025-03-13 15:40:59] [ INFO ] [SpaceImageService:49] Filtering by spaceId: 10
[2025-03-13 15:40:59] [ INFO ] [SpaceImageService:59] Space images found: 1
[2025-03-13 15:40:59] [ INFO ] [SpaceImageService:59] Space images found: 1
[2025-03-13 15:40:59] [ INFO ] [SpaceService:60] Spaces found: 6
[2025-03-13 15:40:59] [ INFO ] [SpaceService:60] Spaces found: 6
[2025-03-13 15:56:24] [ INFO ] [SpaceService:56] Finding all spaces
[2025-03-13 15:56:24] [ INFO ] [SpaceService:56] Finding all spaces
[2025-03-13 15:56:24] [ INFO ] [SpaceImageService:44] Finding space images
[2025-03-13 15:56:24] [ INFO ] [SpaceImageService:44] Finding space images
[2025-03-13 15:56:24] [ INFO ] [SpaceImageService:49] Filtering by spaceId: 1
[2025-03-13 15:56:24] [ INFO ] [SpaceImageService:49] Filtering by spaceId: 1
[2025-03-13 15:56:24] [ INFO ] [SpaceImageService:59] Space images found: 1
[2025-03-13 15:56:24] [ INFO ] [SpaceImageService:44] Finding space images
[2025-03-13 15:56:24] [ INFO ] [SpaceImageService:59] Space images found: 1
[2025-03-13 15:56:24] [ INFO ] [SpaceImageService:49] Filtering by spaceId: 2
[2025-03-13 15:56:24] [ INFO ] [SpaceImageService:44] Finding space images
[2025-03-13 15:56:24] [ INFO ] [SpaceImageService:49] Filtering by spaceId: 2
[2025-03-13 15:56:24] [ INFO ] [SpaceImageService:59] Space images found: 1
[2025-03-13 15:56:24] [ INFO ] [SpaceImageService:59] Space images found: 1
[2025-03-13 15:56:24] [ INFO ] [SpaceImageService:44] Finding space images
[2025-03-13 15:56:24] [ INFO ] [SpaceImageService:49] Filtering by spaceId: 3
[2025-03-13 15:56:24] [ INFO ] [SpaceImageService:44] Finding space images
[2025-03-13 15:56:24] [ INFO ] [SpaceImageService:49] Filtering by spaceId: 3
[2025-03-13 15:56:24] [ INFO ] [SpaceImageService:59] Space images found: 1
[2025-03-13 15:56:24] [ INFO ] [SpaceImageService:44] Finding space images
[2025-03-13 15:56:24] [ INFO ] [SpaceImageService:59] Space images found: 1
[2025-03-13 15:56:24] [ INFO ] [SpaceImageService:49] Filtering by spaceId: 4
[2025-03-13 15:56:24] [ INFO ] [SpaceImageService:44] Finding space images
[2025-03-13 15:56:24] [ INFO ] [SpaceImageService:49] Filtering by spaceId: 4
[2025-03-13 15:56:24] [ INFO ] [SpaceImageService:59] Space images found: 1
[2025-03-13 15:56:24] [ INFO ] [SpaceImageService:59] Space images found: 1
[2025-03-13 15:56:24] [ INFO ] [SpaceImageService:44] Finding space images
[2025-03-13 15:56:24] [ INFO ] [SpaceImageService:49] Filtering by spaceId: 5
[2025-03-13 15:56:24] [ INFO ] [SpaceImageService:44] Finding space images
[2025-03-13 15:56:24] [ INFO ] [SpaceImageService:49] Filtering by spaceId: 5
[2025-03-13 15:56:24] [ INFO ] [SpaceImageService:59] Space images found: 1
[2025-03-13 15:56:24] [ INFO ] [SpaceImageService:44] Finding space images
[2025-03-13 15:56:24] [ INFO ] [SpaceImageService:49] Filtering by spaceId: 10
[2025-03-13 15:56:24] [ INFO ] [SpaceImageService:59] Space images found: 1
[2025-03-13 15:56:24] [ INFO ] [SpaceImageService:44] Finding space images
[2025-03-13 15:56:24] [ INFO ] [SpaceImageService:49] Filtering by spaceId: 10
[2025-03-13 15:56:24] [ INFO ] [SpaceImageService:59] Space images found: 1
[2025-03-13 15:56:24] [ INFO ] [SpaceImageService:59] Space images found: 1
[2025-03-13 15:56:24] [ INFO ] [SpaceService:60] Spaces found: 6
[2025-03-13 15:56:24] [ INFO ] [SpaceService:60] Spaces found: 6
[2025-03-13 16:00:25] [ INFO ] [SpaceService:56] Finding all spaces
[2025-03-13 16:00:25] [ INFO ] [SpaceImageService:44] Finding space images
[2025-03-13 16:00:25] [ INFO ] [SpaceImageService:49] Filtering by spaceId: 1
[2025-03-13 16:00:25] [ INFO ] [SpaceImageService:59] Space images found: 1
[2025-03-13 16:00:25] [ INFO ] [SpaceImageService:44] Finding space images
[2025-03-13 16:00:25] [ INFO ] [SpaceImageService:49] Filtering by spaceId: 2
[2025-03-13 16:00:25] [ INFO ] [SpaceImageService:59] Space images found: 1
[2025-03-13 16:00:25] [ INFO ] [SpaceImageService:44] Finding space images
[2025-03-13 16:00:25] [ INFO ] [SpaceImageService:49] Filtering by spaceId: 3
[2025-03-13 16:00:25] [ INFO ] [SpaceImageService:59] Space images found: 1
[2025-03-13 16:00:25] [ INFO ] [SpaceImageService:44] Finding space images
[2025-03-13 16:00:25] [ INFO ] [SpaceImageService:49] Filtering by spaceId: 4
[2025-03-13 16:00:25] [ INFO ] [SpaceImageService:59] Space images found: 1
[2025-03-13 16:00:25] [ INFO ] [SpaceImageService:44] Finding space images
[2025-03-13 16:00:25] [ INFO ] [SpaceImageService:49] Filtering by spaceId: 5
[2025-03-13 16:00:25] [ INFO ] [SpaceImageService:59] Space images found: 1
[2025-03-13 16:00:25] [ INFO ] [SpaceImageService:44] Finding space images
[2025-03-13 16:00:25] [ INFO ] [SpaceImageService:49] Filtering by spaceId: 10
[2025-03-13 16:00:25] [ INFO ] [SpaceImageService:59] Space images found: 1
[2025-03-13 16:00:25] [ INFO ] [SpaceService:60] Spaces found: 6
[2025-03-13 16:00:25] [ INFO ] [SpaceService:56] Finding all spaces
[2025-03-13 16:00:25] [ INFO ] [SpaceImageService:44] Finding space images
[2025-03-13 16:00:25] [ INFO ] [SpaceImageService:49] Filtering by spaceId: 1
[2025-03-13 16:00:25] [ INFO ] [SpaceImageService:59] Space images found: 1
[2025-03-13 16:00:25] [ INFO ] [SpaceImageService:44] Finding space images
[2025-03-13 16:00:25] [ INFO ] [SpaceImageService:49] Filtering by spaceId: 2
[2025-03-13 16:00:26] [ INFO ] [SpaceImageService:59] Space images found: 1
[2025-03-13 16:00:26] [ INFO ] [SpaceImageService:44] Finding space images
[2025-03-13 16:00:26] [ INFO ] [SpaceImageService:49] Filtering by spaceId: 3
[2025-03-13 16:00:26] [ INFO ] [SpaceImageService:59] Space images found: 1
[2025-03-13 16:00:26] [ INFO ] [SpaceImageService:44] Finding space images
[2025-03-13 16:00:26] [ INFO ] [SpaceImageService:49] Filtering by spaceId: 4
[2025-03-13 16:00:26] [ INFO ] [SpaceImageService:59] Space images found: 1
[2025-03-13 16:00:26] [ INFO ] [SpaceImageService:44] Finding space images
[2025-03-13 16:00:26] [ INFO ] [SpaceImageService:49] Filtering by spaceId: 5
[2025-03-13 16:00:26] [ INFO ] [SpaceImageService:59] Space images found: 1
[2025-03-13 16:00:26] [ INFO ] [SpaceImageService:44] Finding space images
[2025-03-13 16:00:26] [ INFO ] [SpaceImageService:49] Filtering by spaceId: 10
[2025-03-13 16:00:26] [ INFO ] [SpaceImageService:59] Space images found: 1
[2025-03-13 16:00:26] [ INFO ] [SpaceService:60] Spaces found: 6
[2025-03-13 16:04:39] [ INFO ] [SpaceService:56] Finding all spaces
[2025-03-13 16:04:39] [ INFO ] [SpaceService:56] Finding all spaces
[2025-03-13 16:04:39] [ INFO ] [SpaceImageService:44] Finding space images
[2025-03-13 16:04:39] [ INFO ] [SpaceImageService:44] Finding space images
[2025-03-13 16:04:39] [ INFO ] [SpaceImageService:49] Filtering by spaceId: 1
[2025-03-13 16:04:39] [ INFO ] [SpaceImageService:49] Filtering by spaceId: 1
[2025-03-13 16:04:39] [ INFO ] [SpaceImageService:59] Space images found: 1
[2025-03-13 16:04:39] [ INFO ] [SpaceImageService:59] Space images found: 1
[2025-03-13 16:04:39] [ INFO ] [SpaceImageService:44] Finding space images
[2025-03-13 16:04:39] [ INFO ] [SpaceImageService:49] Filtering by spaceId: 2
[2025-03-13 16:04:39] [ INFO ] [SpaceImageService:44] Finding space images
[2025-03-13 16:04:39] [ INFO ] [SpaceImageService:49] Filtering by spaceId: 2
[2025-03-13 16:04:39] [ INFO ] [SpaceImageService:59] Space images found: 1
[2025-03-13 16:04:39] [ INFO ] [SpaceImageService:59] Space images found: 1
[2025-03-13 16:04:39] [ INFO ] [SpaceImageService:44] Finding space images
[2025-03-13 16:04:39] [ INFO ] [SpaceImageService:44] Finding space images
[2025-03-13 16:04:39] [ INFO ] [SpaceImageService:49] Filtering by spaceId: 3
[2025-03-13 16:04:39] [ INFO ] [SpaceImageService:49] Filtering by spaceId: 3
[2025-03-13 16:04:39] [ INFO ] [SpaceImageService:59] Space images found: 1
[2025-03-13 16:04:39] [ INFO ] [SpaceImageService:44] Finding space images
[2025-03-13 16:04:39] [ INFO ] [SpaceImageService:49] Filtering by spaceId: 4
[2025-03-13 16:04:39] [ INFO ] [SpaceImageService:59] Space images found: 1
[2025-03-13 16:04:39] [ INFO ] [SpaceImageService:44] Finding space images
[2025-03-13 16:04:39] [ INFO ] [SpaceImageService:49] Filtering by spaceId: 4
[2025-03-13 16:04:39] [ INFO ] [SpaceImageService:59] Space images found: 1
[2025-03-13 16:04:39] [ INFO ] [SpaceImageService:44] Finding space images
[2025-03-13 16:04:39] [ INFO ] [SpaceImageService:49] Filtering by spaceId: 5
[2025-03-13 16:04:39] [ INFO ] [SpaceImageService:59] Space images found: 1
[2025-03-13 16:04:39] [ INFO ] [SpaceImageService:44] Finding space images
[2025-03-13 16:04:39] [ INFO ] [SpaceImageService:49] Filtering by spaceId: 5
[2025-03-13 16:04:39] [ INFO ] [SpaceImageService:59] Space images found: 1
[2025-03-13 16:04:39] [ INFO ] [SpaceImageService:44] Finding space images
[2025-03-13 16:04:39] [ INFO ] [SpaceImageService:49] Filtering by spaceId: 10
[2025-03-13 16:04:39] [ INFO ] [SpaceImageService:59] Space images found: 1
[2025-03-13 16:04:39] [ INFO ] [SpaceImageService:44] Finding space images
[2025-03-13 16:04:39] [ INFO ] [SpaceImageService:49] Filtering by spaceId: 10
[2025-03-13 16:04:39] [ INFO ] [SpaceImageService:59] Space images found: 1
[2025-03-13 16:04:39] [ INFO ] [SpaceService:60] Spaces found: 6
[2025-03-13 16:04:39] [ INFO ] [SpaceImageService:59] Space images found: 1
[2025-03-13 16:04:39] [ INFO ] [SpaceService:60] Spaces found: 6
[2025-03-13 16:05:00] [ INFO ] [SpaceService:56] Finding all spaces
[2025-03-13 16:05:00] [ INFO ] [SpaceService:56] Finding all spaces
[2025-03-13 16:05:00] [ INFO ] [SpaceImageService:44] Finding space images
[2025-03-13 16:05:00] [ INFO ] [SpaceImageService:49] Filtering by spaceId: 1
[2025-03-13 16:05:01] [ INFO ] [SpaceImageService:59] Space images found: 1
[2025-03-13 16:05:01] [ INFO ] [SpaceImageService:44] Finding space images
[2025-03-13 16:05:01] [ INFO ] [SpaceImageService:49] Filtering by spaceId: 2
[2025-03-13 16:05:01] [ INFO ] [SpaceImageService:59] Space images found: 1
[2025-03-13 16:05:01] [ INFO ] [SpaceImageService:44] Finding space images
[2025-03-13 16:05:01] [ INFO ] [SpaceImageService:49] Filtering by spaceId: 3
[2025-03-13 16:05:01] [ INFO ] [SpaceImageService:59] Space images found: 1
[2025-03-13 16:05:01] [ INFO ] [SpaceImageService:44] Finding space images
[2025-03-13 16:05:01] [ INFO ] [SpaceImageService:49] Filtering by spaceId: 4
[2025-03-13 16:05:01] [ INFO ] [SpaceImageService:59] Space images found: 1
[2025-03-13 16:05:01] [ INFO ] [SpaceImageService:44] Finding space images
[2025-03-13 16:05:01] [ INFO ] [SpaceImageService:49] Filtering by spaceId: 5
[2025-03-13 16:05:01] [ INFO ] [SpaceImageService:44] Finding space images
[2025-03-13 16:05:01] [ INFO ] [SpaceImageService:49] Filtering by spaceId: 1
[2025-03-13 16:05:01] [ INFO ] [SpaceImageService:59] Space images found: 1
[2025-03-13 16:05:01] [ INFO ] [SpaceImageService:44] Finding space images
[2025-03-13 16:05:01] [ INFO ] [SpaceImageService:49] Filtering by spaceId: 10
[2025-03-13 16:05:01] [ INFO ] [SpaceImageService:59] Space images found: 1
[2025-03-13 16:05:01] [ INFO ] [SpaceImageService:44] Finding space images
[2025-03-13 16:05:01] [ INFO ] [SpaceImageService:49] Filtering by spaceId: 2
[2025-03-13 16:05:01] [ INFO ] [SpaceImageService:59] Space images found: 1
[2025-03-13 16:05:01] [ INFO ] [SpaceService:60] Spaces found: 6
[2025-03-13 16:05:01] [ INFO ] [SpaceImageService:59] Space images found: 1
[2025-03-13 16:05:01] [ INFO ] [SpaceImageService:44] Finding space images
[2025-03-13 16:05:01] [ INFO ] [SpaceImageService:49] Filtering by spaceId: 3
[2025-03-13 16:05:01] [ INFO ] [SpaceImageService:59] Space images found: 1
[2025-03-13 16:05:01] [ INFO ] [SpaceImageService:44] Finding space images
[2025-03-13 16:05:01] [ INFO ] [SpaceImageService:49] Filtering by spaceId: 4
[2025-03-13 16:05:01] [ INFO ] [SpaceImageService:59] Space images found: 1
[2025-03-13 16:05:01] [ INFO ] [SpaceImageService:44] Finding space images
[2025-03-13 16:05:01] [ INFO ] [SpaceImageService:49] Filtering by spaceId: 5
[2025-03-13 16:05:01] [ INFO ] [SpaceImageService:59] Space images found: 1
[2025-03-13 16:05:01] [ INFO ] [SpaceImageService:44] Finding space images
[2025-03-13 16:05:01] [ INFO ] [SpaceImageService:49] Filtering by spaceId: 10
[2025-03-13 16:05:01] [ INFO ] [SpaceImageService:59] Space images found: 1
[2025-03-13 16:05:01] [ INFO ] [SpaceService:60] Spaces found: 6
[2025-03-13 16:05:24] [ INFO ] [SpaceService:56] Finding all spaces
[2025-03-13 16:05:24] [ INFO ] [SpaceService:56] Finding all spaces
[2025-03-13 16:05:24] [ INFO ] [SpaceImageService:44] Finding space images
[2025-03-13 16:05:24] [ INFO ] [SpaceImageService:49] Filtering by spaceId: 1
[2025-03-13 16:05:24] [ INFO ] [SpaceImageService:59] Space images found: 1
[2025-03-13 16:05:24] [ INFO ] [SpaceImageService:44] Finding space images
[2025-03-13 16:05:24] [ INFO ] [SpaceImageService:49] Filtering by spaceId: 2
[2025-03-13 16:05:24] [ INFO ] [SpaceImageService:44] Finding space images
[2025-03-13 16:05:24] [ INFO ] [SpaceImageService:49] Filtering by spaceId: 1
[2025-03-13 16:05:24] [ INFO ] [SpaceImageService:59] Space images found: 1
[2025-03-13 16:05:24] [ INFO ] [SpaceImageService:44] Finding space images
[2025-03-13 16:05:24] [ INFO ] [SpaceImageService:49] Filtering by spaceId: 3
[2025-03-13 16:05:24] [ INFO ] [SpaceImageService:59] Space images found: 1
[2025-03-13 16:05:24] [ INFO ] [SpaceImageService:44] Finding space images
[2025-03-13 16:05:24] [ INFO ] [SpaceImageService:49] Filtering by spaceId: 2
[2025-03-13 16:05:24] [ INFO ] [SpaceImageService:59] Space images found: 1
[2025-03-13 16:05:24] [ INFO ] [SpaceImageService:44] Finding space images
[2025-03-13 16:05:24] [ INFO ] [SpaceImageService:49] Filtering by spaceId: 4
[2025-03-13 16:05:24] [ INFO ] [SpaceImageService:59] Space images found: 1
[2025-03-13 16:05:24] [ INFO ] [SpaceImageService:44] Finding space images
[2025-03-13 16:05:24] [ INFO ] [SpaceImageService:49] Filtering by spaceId: 5
[2025-03-13 16:05:24] [ INFO ] [SpaceImageService:59] Space images found: 1
[2025-03-13 16:05:24] [ INFO ] [SpaceImageService:44] Finding space images
[2025-03-13 16:05:24] [ INFO ] [SpaceImageService:49] Filtering by spaceId: 3
[2025-03-13 16:05:24] [ INFO ] [SpaceImageService:59] Space images found: 1
[2025-03-13 16:05:24] [ INFO ] [SpaceImageService:44] Finding space images
[2025-03-13 16:05:24] [ INFO ] [SpaceImageService:49] Filtering by spaceId: 10
[2025-03-13 16:05:24] [ INFO ] [SpaceImageService:59] Space images found: 1
[2025-03-13 16:05:24] [ INFO ] [SpaceImageService:44] Finding space images
[2025-03-13 16:05:24] [ INFO ] [SpaceImageService:49] Filtering by spaceId: 4
[2025-03-13 16:05:24] [ INFO ] [SpaceImageService:59] Space images found: 1
[2025-03-13 16:05:24] [ INFO ] [SpaceService:60] Spaces found: 6
[2025-03-13 16:05:24] [ INFO ] [SpaceImageService:59] Space images found: 1
[2025-03-13 16:05:24] [ INFO ] [SpaceImageService:44] Finding space images
[2025-03-13 16:05:24] [ INFO ] [SpaceImageService:49] Filtering by spaceId: 5
[2025-03-13 16:05:24] [ INFO ] [SpaceImageService:59] Space images found: 1
[2025-03-13 16:05:24] [ INFO ] [SpaceImageService:44] Finding space images
[2025-03-13 16:05:24] [ INFO ] [SpaceImageService:49] Filtering by spaceId: 10
[2025-03-13 16:05:24] [ INFO ] [SpaceImageService:59] Space images found: 1
[2025-03-13 16:05:24] [ INFO ] [SpaceService:60] Spaces found: 6
[2025-03-13 16:06:52] [ INFO ] [SpaceService:56] Finding all spaces
[2025-03-13 16:06:52] [ INFO ] [SpaceService:56] Finding all spaces
[2025-03-13 16:06:52] [ INFO ] [SpaceImageService:44] Finding space images
[2025-03-13 16:06:52] [ INFO ] [SpaceImageService:49] Filtering by spaceId: 1
[2025-03-13 16:06:52] [ INFO ] [SpaceImageService:59] Space images found: 1
[2025-03-13 16:06:52] [ INFO ] [SpaceImageService:44] Finding space images
[2025-03-13 16:06:52] [ INFO ] [SpaceImageService:49] Filtering by spaceId: 2
[2025-03-13 16:06:52] [ INFO ] [SpaceImageService:59] Space images found: 1
[2025-03-13 16:06:52] [ INFO ] [SpaceImageService:44] Finding space images
[2025-03-13 16:06:52] [ INFO ] [SpaceImageService:49] Filtering by spaceId: 3
[2025-03-13 16:06:52] [ INFO ] [SpaceImageService:59] Space images found: 1
[2025-03-13 16:06:52] [ INFO ] [SpaceImageService:44] Finding space images
[2025-03-13 16:06:52] [ INFO ] [SpaceImageService:49] Filtering by spaceId: 4
[2025-03-13 16:06:52] [ INFO ] [SpaceImageService:44] Finding space images
[2025-03-13 16:06:52] [ INFO ] [SpaceImageService:49] Filtering by spaceId: 1
[2025-03-13 16:06:52] [ INFO ] [SpaceImageService:59] Space images found: 1
[2025-03-13 16:06:52] [ INFO ] [SpaceImageService:44] Finding space images
[2025-03-13 16:06:52] [ INFO ] [SpaceImageService:49] Filtering by spaceId: 5
[2025-03-13 16:06:52] [ INFO ] [SpaceImageService:59] Space images found: 1
[2025-03-13 16:06:52] [ INFO ] [SpaceImageService:44] Finding space images
[2025-03-13 16:06:52] [ INFO ] [SpaceImageService:49] Filtering by spaceId: 2
[2025-03-13 16:06:52] [ INFO ] [SpaceImageService:59] Space images found: 1
[2025-03-13 16:06:52] [ INFO ] [SpaceImageService:59] Space images found: 1
[2025-03-13 16:06:52] [ INFO ] [SpaceImageService:44] Finding space images
[2025-03-13 16:06:52] [ INFO ] [SpaceImageService:44] Finding space images
[2025-03-13 16:06:52] [ INFO ] [SpaceImageService:49] Filtering by spaceId: 10
[2025-03-13 16:06:52] [ INFO ] [SpaceImageService:49] Filtering by spaceId: 3
[2025-03-13 16:06:52] [ INFO ] [SpaceImageService:59] Space images found: 1
[2025-03-13 16:06:52] [ INFO ] [SpaceImageService:59] Space images found: 1
[2025-03-13 16:06:52] [ INFO ] [SpaceImageService:44] Finding space images
[2025-03-13 16:06:52] [ INFO ] [SpaceImageService:49] Filtering by spaceId: 4
[2025-03-13 16:06:52] [ INFO ] [SpaceService:60] Spaces found: 6
[2025-03-13 16:06:52] [ INFO ] [SpaceImageService:59] Space images found: 1
[2025-03-13 16:06:52] [ INFO ] [SpaceImageService:44] Finding space images
[2025-03-13 16:06:52] [ INFO ] [SpaceImageService:49] Filtering by spaceId: 5
[2025-03-13 16:06:52] [ INFO ] [SpaceImageService:59] Space images found: 1
[2025-03-13 16:06:52] [ INFO ] [SpaceImageService:44] Finding space images
[2025-03-13 16:06:52] [ INFO ] [SpaceImageService:49] Filtering by spaceId: 10
[2025-03-13 16:06:52] [ INFO ] [SpaceImageService:59] Space images found: 1
[2025-03-13 16:06:52] [ INFO ] [SpaceService:60] Spaces found: 6
[2025-03-13 16:06:55] [ INFO ] [SpaceService:56] Finding all spaces
[2025-03-13 16:06:55] [ INFO ] [SpaceService:56] Finding all spaces
[2025-03-13 16:06:55] [ INFO ] [SpaceImageService:44] Finding space images
[2025-03-13 16:06:55] [ INFO ] [SpaceImageService:49] Filtering by spaceId: 1
[2025-03-13 16:06:55] [ INFO ] [SpaceImageService:59] Space images found: 1
[2025-03-13 16:06:55] [ INFO ] [SpaceImageService:44] Finding space images
[2025-03-13 16:06:55] [ INFO ] [SpaceImageService:49] Filtering by spaceId: 2
[2025-03-13 16:06:55] [ INFO ] [SpaceImageService:44] Finding space images
[2025-03-13 16:06:55] [ INFO ] [SpaceImageService:49] Filtering by spaceId: 1
[2025-03-13 16:06:55] [ INFO ] [SpaceImageService:59] Space images found: 1
[2025-03-13 16:06:55] [ INFO ] [SpaceImageService:44] Finding space images
[2025-03-13 16:06:55] [ INFO ] [SpaceImageService:49] Filtering by spaceId: 3
[2025-03-13 16:06:55] [ INFO ] [SpaceImageService:59] Space images found: 1
[2025-03-13 16:06:55] [ INFO ] [SpaceImageService:44] Finding space images
[2025-03-13 16:06:55] [ INFO ] [SpaceImageService:49] Filtering by spaceId: 2
[2025-03-13 16:06:55] [ INFO ] [SpaceImageService:59] Space images found: 1
[2025-03-13 16:06:55] [ INFO ] [SpaceImageService:44] Finding space images
[2025-03-13 16:06:55] [ INFO ] [SpaceImageService:59] Space images found: 1
[2025-03-13 16:06:55] [ INFO ] [SpaceImageService:44] Finding space images
[2025-03-13 16:06:55] [ INFO ] [SpaceImageService:49] Filtering by spaceId: 4
[2025-03-13 16:06:55] [ INFO ] [SpaceImageService:49] Filtering by spaceId: 3
[2025-03-13 16:06:55] [ INFO ] [SpaceImageService:59] Space images found: 1
[2025-03-13 16:06:55] [ INFO ] [SpaceImageService:44] Finding space images
[2025-03-13 16:06:55] [ INFO ] [SpaceImageService:49] Filtering by spaceId: 5
[2025-03-13 16:06:55] [ INFO ] [SpaceImageService:59] Space images found: 1
[2025-03-13 16:06:55] [ INFO ] [SpaceImageService:44] Finding space images
[2025-03-13 16:06:55] [ INFO ] [SpaceImageService:49] Filtering by spaceId: 4
[2025-03-13 16:06:55] [ INFO ] [SpaceImageService:59] Space images found: 1
[2025-03-13 16:06:55] [ INFO ] [SpaceImageService:44] Finding space images
[2025-03-13 16:06:55] [ INFO ] [SpaceImageService:49] Filtering by spaceId: 10
[2025-03-13 16:06:55] [ INFO ] [SpaceImageService:59] Space images found: 1
[2025-03-13 16:06:55] [ INFO ] [SpaceImageService:44] Finding space images
[2025-03-13 16:06:55] [ INFO ] [SpaceImageService:49] Filtering by spaceId: 5
[2025-03-13 16:06:55] [ INFO ] [SpaceImageService:59] Space images found: 1
[2025-03-13 16:06:55] [ INFO ] [SpaceService:60] Spaces found: 6
[2025-03-13 16:06:55] [ INFO ] [SpaceImageService:59] Space images found: 1
[2025-03-13 16:06:55] [ INFO ] [SpaceImageService:44] Finding space images
[2025-03-13 16:06:55] [ INFO ] [SpaceImageService:49] Filtering by spaceId: 10
[2025-03-13 16:06:55] [ INFO ] [SpaceImageService:59] Space images found: 1
[2025-03-13 16:06:55] [ INFO ] [SpaceService:60] Spaces found: 6
[2025-03-13 16:10:33] [ INFO ] [SpaceService:56] Finding all spaces
[2025-03-13 16:10:33] [ INFO ] [SpaceService:56] Finding all spaces
[2025-03-13 16:10:33] [ INFO ] [SpaceImageService:44] Finding space images
[2025-03-13 16:10:33] [ INFO ] [SpaceImageService:49] Filtering by spaceId: 1
[2025-03-13 16:10:33] [ INFO ] [SpaceImageService:44] Finding space images
[2025-03-13 16:10:33] [ INFO ] [SpaceImageService:49] Filtering by spaceId: 1
[2025-03-13 16:10:33] [ INFO ] [SpaceImageService:59] Space images found: 1
[2025-03-13 16:10:33] [ INFO ] [SpaceImageService:44] Finding space images
[2025-03-13 16:10:33] [ INFO ] [SpaceImageService:49] Filtering by spaceId: 2
[2025-03-13 16:10:33] [ INFO ] [SpaceImageService:59] Space images found: 1
[2025-03-13 16:10:33] [ INFO ] [SpaceImageService:44] Finding space images
[2025-03-13 16:10:33] [ INFO ] [SpaceImageService:49] Filtering by spaceId: 2
[2025-03-13 16:10:33] [ INFO ] [SpaceImageService:59] Space images found: 1
[2025-03-13 16:10:33] [ INFO ] [SpaceImageService:59] Space images found: 1
[2025-03-13 16:10:33] [ INFO ] [SpaceImageService:44] Finding space images
[2025-03-13 16:10:33] [ INFO ] [SpaceImageService:49] Filtering by spaceId: 3
[2025-03-13 16:10:33] [ INFO ] [SpaceImageService:44] Finding space images
[2025-03-13 16:10:33] [ INFO ] [SpaceImageService:49] Filtering by spaceId: 3
[2025-03-13 16:10:33] [ INFO ] [SpaceImageService:59] Space images found: 1
[2025-03-13 16:10:33] [ INFO ] [SpaceImageService:59] Space images found: 1
[2025-03-13 16:10:33] [ INFO ] [SpaceImageService:44] Finding space images
[2025-03-13 16:10:33] [ INFO ] [SpaceImageService:49] Filtering by spaceId: 4
[2025-03-13 16:10:33] [ INFO ] [SpaceImageService:44] Finding space images
[2025-03-13 16:10:33] [ INFO ] [SpaceImageService:49] Filtering by spaceId: 4
[2025-03-13 16:10:33] [ INFO ] [SpaceImageService:59] Space images found: 1
[2025-03-13 16:10:33] [ INFO ] [SpaceImageService:44] Finding space images
[2025-03-13 16:10:33] [ INFO ] [SpaceImageService:49] Filtering by spaceId: 5
[2025-03-13 16:10:33] [ INFO ] [SpaceImageService:59] Space images found: 1
[2025-03-13 16:10:33] [ INFO ] [SpaceImageService:44] Finding space images
[2025-03-13 16:10:33] [ INFO ] [SpaceImageService:49] Filtering by spaceId: 5
[2025-03-13 16:10:33] [ INFO ] [SpaceImageService:59] Space images found: 1
[2025-03-13 16:10:33] [ INFO ] [SpaceImageService:59] Space images found: 1
[2025-03-13 16:10:33] [ INFO ] [SpaceImageService:44] Finding space images
[2025-03-13 16:10:33] [ INFO ] [SpaceImageService:44] Finding space images
[2025-03-13 16:10:33] [ INFO ] [SpaceImageService:49] Filtering by spaceId: 10
[2025-03-13 16:10:33] [ INFO ] [SpaceImageService:49] Filtering by spaceId: 10
[2025-03-13 16:10:33] [ INFO ] [SpaceImageService:59] Space images found: 1
[2025-03-13 16:10:33] [ INFO ] [SpaceService:60] Spaces found: 6
[2025-03-13 16:10:33] [ INFO ] [SpaceImageService:59] Space images found: 1
[2025-03-13 16:10:33] [ INFO ] [SpaceService:60] Spaces found: 6
[2025-03-13 16:12:31] [ INFO ] [SpaceService:56] Finding all spaces
[2025-03-13 16:12:31] [ INFO ] [SpaceService:56] Finding all spaces
[2025-03-13 16:12:32] [ INFO ] [SpaceImageService:44] Finding space images
[2025-03-13 16:12:32] [ INFO ] [SpaceImageService:49] Filtering by spaceId: 1
[2025-03-13 16:12:32] [ INFO ] [SpaceImageService:44] Finding space images
[2025-03-13 16:12:32] [ INFO ] [SpaceImageService:49] Filtering by spaceId: 1
[2025-03-13 16:12:32] [ INFO ] [SpaceImageService:59] Space images found: 1
[2025-03-13 16:12:32] [ INFO ] [SpaceImageService:59] Space images found: 1
[2025-03-13 16:12:32] [ INFO ] [SpaceImageService:44] Finding space images
[2025-03-13 16:12:32] [ INFO ] [SpaceImageService:44] Finding space images
[2025-03-13 16:12:32] [ INFO ] [SpaceImageService:49] Filtering by spaceId: 2
[2025-03-13 16:12:32] [ INFO ] [SpaceImageService:49] Filtering by spaceId: 2
[2025-03-13 16:12:32] [ INFO ] [SpaceImageService:59] Space images found: 1
[2025-03-13 16:12:32] [ INFO ] [SpaceImageService:59] Space images found: 1
[2025-03-13 16:12:32] [ INFO ] [SpaceImageService:44] Finding space images
[2025-03-13 16:12:32] [ INFO ] [SpaceImageService:49] Filtering by spaceId: 3
[2025-03-13 16:12:32] [ INFO ] [SpaceImageService:44] Finding space images
[2025-03-13 16:12:32] [ INFO ] [SpaceImageService:49] Filtering by spaceId: 3
[2025-03-13 16:12:32] [ INFO ] [SpaceImageService:59] Space images found: 1
[2025-03-13 16:12:32] [ INFO ] [SpaceImageService:59] Space images found: 1
[2025-03-13 16:12:32] [ INFO ] [SpaceImageService:44] Finding space images
[2025-03-13 16:12:32] [ INFO ] [SpaceImageService:49] Filtering by spaceId: 4
[2025-03-13 16:12:32] [ INFO ] [SpaceImageService:44] Finding space images
[2025-03-13 16:12:32] [ INFO ] [SpaceImageService:49] Filtering by spaceId: 4
[2025-03-13 16:12:32] [ INFO ] [SpaceImageService:59] Space images found: 1
[2025-03-13 16:12:32] [ INFO ] [SpaceImageService:59] Space images found: 1
[2025-03-13 16:12:32] [ INFO ] [SpaceImageService:44] Finding space images
[2025-03-13 16:12:32] [ INFO ] [SpaceImageService:44] Finding space images
[2025-03-13 16:12:32] [ INFO ] [SpaceImageService:49] Filtering by spaceId: 5
[2025-03-13 16:12:32] [ INFO ] [SpaceImageService:49] Filtering by spaceId: 5
[2025-03-13 16:12:32] [ INFO ] [SpaceImageService:59] Space images found: 1
[2025-03-13 16:12:32] [ INFO ] [SpaceImageService:44] Finding space images
[2025-03-13 16:12:32] [ INFO ] [SpaceImageService:49] Filtering by spaceId: 10
[2025-03-13 16:12:32] [ INFO ] [SpaceImageService:59] Space images found: 1
[2025-03-13 16:12:32] [ INFO ] [SpaceImageService:44] Finding space images
[2025-03-13 16:12:32] [ INFO ] [SpaceImageService:49] Filtering by spaceId: 10
[2025-03-13 16:12:32] [ INFO ] [SpaceImageService:59] Space images found: 1
[2025-03-13 16:12:32] [ INFO ] [SpaceService:60] Spaces found: 6
[2025-03-13 16:12:32] [ INFO ] [SpaceImageService:59] Space images found: 1
[2025-03-13 16:12:32] [ INFO ] [SpaceService:60] Spaces found: 6
[2025-03-13 16:12:52] [ INFO ] [SpaceService:56] Finding all spaces
[2025-03-13 16:12:52] [ INFO ] [SpaceService:56] Finding all spaces
[2025-03-13 16:12:52] [ INFO ] [SpaceImageService:44] Finding space images
[2025-03-13 16:12:52] [ INFO ] [SpaceImageService:49] Filtering by spaceId: 1
[2025-03-13 16:12:52] [ INFO ] [SpaceImageService:59] Space images found: 1
[2025-03-13 16:12:52] [ INFO ] [SpaceImageService:44] Finding space images
[2025-03-13 16:12:52] [ INFO ] [SpaceImageService:49] Filtering by spaceId: 2
[2025-03-13 16:12:52] [ INFO ] [SpaceImageService:59] Space images found: 1
[2025-03-13 16:12:52] [ INFO ] [SpaceImageService:44] Finding space images
[2025-03-13 16:12:52] [ INFO ] [SpaceImageService:49] Filtering by spaceId: 3
[2025-03-13 16:12:52] [ INFO ] [SpaceImageService:44] Finding space images
[2025-03-13 16:12:52] [ INFO ] [SpaceImageService:49] Filtering by spaceId: 1
[2025-03-13 16:12:52] [ INFO ] [SpaceImageService:59] Space images found: 1
[2025-03-13 16:12:52] [ INFO ] [SpaceImageService:44] Finding space images
[2025-03-13 16:12:52] [ INFO ] [SpaceImageService:49] Filtering by spaceId: 4
[2025-03-13 16:12:52] [ INFO ] [SpaceImageService:59] Space images found: 1
[2025-03-13 16:12:52] [ INFO ] [SpaceImageService:44] Finding space images
[2025-03-13 16:12:52] [ INFO ] [SpaceImageService:49] Filtering by spaceId: 2
[2025-03-13 16:12:52] [ INFO ] [SpaceImageService:59] Space images found: 1
[2025-03-13 16:12:52] [ INFO ] [SpaceImageService:44] Finding space images
[2025-03-13 16:12:52] [ INFO ] [SpaceImageService:49] Filtering by spaceId: 5
[2025-03-13 16:12:52] [ INFO ] [SpaceImageService:59] Space images found: 1
[2025-03-13 16:12:52] [ INFO ] [SpaceImageService:44] Finding space images
[2025-03-13 16:12:52] [ INFO ] [SpaceImageService:49] Filtering by spaceId: 3
[2025-03-13 16:12:52] [ INFO ] [SpaceImageService:59] Space images found: 1
[2025-03-13 16:12:52] [ INFO ] [SpaceImageService:44] Finding space images
[2025-03-13 16:12:52] [ INFO ] [SpaceImageService:49] Filtering by spaceId: 10
[2025-03-13 16:12:52] [ INFO ] [SpaceImageService:59] Space images found: 1
[2025-03-13 16:12:52] [ INFO ] [SpaceImageService:44] Finding space images
[2025-03-13 16:12:52] [ INFO ] [SpaceImageService:49] Filtering by spaceId: 4
[2025-03-13 16:12:52] [ INFO ] [SpaceImageService:59] Space images found: 1
[2025-03-13 16:12:52] [ INFO ] [SpaceImageService:59] Space images found: 1
[2025-03-13 16:12:52] [ INFO ] [SpaceService:60] Spaces found: 6
[2025-03-13 16:12:52] [ INFO ] [SpaceImageService:44] Finding space images
[2025-03-13 16:12:52] [ INFO ] [SpaceImageService:49] Filtering by spaceId: 5
[2025-03-13 16:12:52] [ INFO ] [SpaceImageService:59] Space images found: 1
[2025-03-13 16:12:52] [ INFO ] [SpaceImageService:44] Finding space images
[2025-03-13 16:12:52] [ INFO ] [SpaceImageService:49] Filtering by spaceId: 10
[2025-03-13 16:12:52] [ INFO ] [SpaceImageService:59] Space images found: 1
[2025-03-13 16:12:52] [ INFO ] [SpaceService:60] Spaces found: 6
[2025-03-13 16:13:18] [ INFO ] [SpaceService:56] Finding all spaces
[2025-03-13 16:13:18] [ INFO ] [SpaceService:56] Finding all spaces
[2025-03-13 16:13:18] [ INFO ] [SpaceImageService:44] Finding space images
[2025-03-13 16:13:18] [ INFO ] [SpaceImageService:49] Filtering by spaceId: 1
[2025-03-13 16:13:18] [ INFO ] [SpaceImageService:44] Finding space images
[2025-03-13 16:13:18] [ INFO ] [SpaceImageService:49] Filtering by spaceId: 1
[2025-03-13 16:13:18] [ INFO ] [SpaceImageService:59] Space images found: 1
[2025-03-13 16:13:18] [ INFO ] [SpaceImageService:44] Finding space images
[2025-03-13 16:13:18] [ INFO ] [SpaceImageService:49] Filtering by spaceId: 2
[2025-03-13 16:13:18] [ INFO ] [SpaceImageService:59] Space images found: 1
[2025-03-13 16:13:18] [ INFO ] [SpaceImageService:44] Finding space images
[2025-03-13 16:13:18] [ INFO ] [SpaceImageService:49] Filtering by spaceId: 2
[2025-03-13 16:13:18] [ INFO ] [SpaceImageService:59] Space images found: 1
[2025-03-13 16:13:18] [ INFO ] [SpaceImageService:44] Finding space images
[2025-03-13 16:13:18] [ INFO ] [SpaceImageService:49] Filtering by spaceId: 3
[2025-03-13 16:13:18] [ INFO ] [SpaceImageService:59] Space images found: 1
[2025-03-13 16:13:18] [ INFO ] [SpaceImageService:44] Finding space images
[2025-03-13 16:13:18] [ INFO ] [SpaceImageService:49] Filtering by spaceId: 3
[2025-03-13 16:13:18] [ INFO ] [SpaceImageService:59] Space images found: 1
[2025-03-13 16:13:18] [ INFO ] [SpaceImageService:44] Finding space images
[2025-03-13 16:13:18] [ INFO ] [SpaceImageService:49] Filtering by spaceId: 4
[2025-03-13 16:13:18] [ INFO ] [SpaceImageService:59] Space images found: 1
[2025-03-13 16:13:18] [ INFO ] [SpaceImageService:44] Finding space images
[2025-03-13 16:13:18] [ INFO ] [SpaceImageService:49] Filtering by spaceId: 4
[2025-03-13 16:13:18] [ INFO ] [SpaceImageService:59] Space images found: 1
[2025-03-13 16:13:18] [ INFO ] [SpaceImageService:59] Space images found: 1
[2025-03-13 16:13:18] [ INFO ] [SpaceImageService:44] Finding space images
[2025-03-13 16:13:18] [ INFO ] [SpaceImageService:49] Filtering by spaceId: 5
[2025-03-13 16:13:18] [ INFO ] [SpaceImageService:44] Finding space images
[2025-03-13 16:13:18] [ INFO ] [SpaceImageService:49] Filtering by spaceId: 5
[2025-03-13 16:13:18] [ INFO ] [SpaceImageService:59] Space images found: 1
[2025-03-13 16:13:18] [ INFO ] [SpaceImageService:44] Finding space images
[2025-03-13 16:13:18] [ INFO ] [SpaceImageService:49] Filtering by spaceId: 10
[2025-03-13 16:13:18] [ INFO ] [SpaceImageService:59] Space images found: 1
[2025-03-13 16:13:18] [ INFO ] [SpaceImageService:44] Finding space images
[2025-03-13 16:13:18] [ INFO ] [SpaceImageService:49] Filtering by spaceId: 10
[2025-03-13 16:13:18] [ INFO ] [SpaceImageService:59] Space images found: 1
[2025-03-13 16:13:18] [ INFO ] [SpaceService:60] Spaces found: 6
[2025-03-13 16:13:18] [ INFO ] [SpaceImageService:59] Space images found: 1
[2025-03-13 16:13:18] [ INFO ] [SpaceService:60] Spaces found: 6
[2025-03-13 16:18:10] [ INFO ] [SpaceService:56] Finding all spaces
[2025-03-13 16:18:10] [ INFO ] [SpaceService:56] Finding all spaces
[2025-03-13 16:18:10] [ INFO ] [SpaceImageService:44] Finding space images
[2025-03-13 16:18:10] [ INFO ] [SpaceImageService:49] Filtering by spaceId: 1
[2025-03-13 16:18:10] [ INFO ] [SpaceImageService:59] Space images found: 1
[2025-03-13 16:18:10] [ INFO ] [SpaceImageService:44] Finding space images
[2025-03-13 16:18:10] [ INFO ] [SpaceImageService:49] Filtering by spaceId: 2
[2025-03-13 16:18:10] [ INFO ] [SpaceImageService:44] Finding space images
[2025-03-13 16:18:10] [ INFO ] [SpaceImageService:49] Filtering by spaceId: 1
[2025-03-13 16:18:10] [ INFO ] [SpaceImageService:59] Space images found: 1
[2025-03-13 16:18:10] [ INFO ] [SpaceImageService:44] Finding space images
[2025-03-13 16:18:10] [ INFO ] [SpaceImageService:49] Filtering by spaceId: 3
[2025-03-13 16:18:10] [ INFO ] [SpaceImageService:59] Space images found: 1
[2025-03-13 16:18:10] [ INFO ] [SpaceImageService:44] Finding space images
[2025-03-13 16:18:10] [ INFO ] [SpaceImageService:49] Filtering by spaceId: 4
[2025-03-13 16:18:10] [ INFO ] [SpaceImageService:59] Space images found: 1
[2025-03-13 16:18:10] [ INFO ] [SpaceImageService:44] Finding space images
[2025-03-13 16:18:10] [ INFO ] [SpaceImageService:49] Filtering by spaceId: 2
[2025-03-13 16:18:10] [ INFO ] [SpaceImageService:59] Space images found: 1
[2025-03-13 16:18:10] [ INFO ] [SpaceImageService:59] Space images found: 1
[2025-03-13 16:18:10] [ INFO ] [SpaceImageService:44] Finding space images
[2025-03-13 16:18:10] [ INFO ] [SpaceImageService:44] Finding space images
[2025-03-13 16:18:10] [ INFO ] [SpaceImageService:49] Filtering by spaceId: 3
[2025-03-13 16:18:10] [ INFO ] [SpaceImageService:49] Filtering by spaceId: 5
[2025-03-13 16:18:10] [ INFO ] [SpaceImageService:59] Space images found: 1
[2025-03-13 16:18:10] [ INFO ] [SpaceImageService:44] Finding space images
[2025-03-13 16:18:10] [ INFO ] [SpaceImageService:59] Space images found: 1
[2025-03-13 16:18:10] [ INFO ] [SpaceImageService:49] Filtering by spaceId: 10
[2025-03-13 16:18:10] [ INFO ] [SpaceImageService:44] Finding space images
[2025-03-13 16:18:10] [ INFO ] [SpaceImageService:49] Filtering by spaceId: 4
[2025-03-13 16:18:10] [ INFO ] [SpaceImageService:59] Space images found: 1
[2025-03-13 16:18:10] [ INFO ] [SpaceService:60] Spaces found: 6
[2025-03-13 16:18:10] [ INFO ] [SpaceImageService:59] Space images found: 1
[2025-03-13 16:18:10] [ INFO ] [SpaceImageService:44] Finding space images
[2025-03-13 16:18:10] [ INFO ] [SpaceImageService:49] Filtering by spaceId: 5
[2025-03-13 16:18:10] [ INFO ] [SpaceImageService:59] Space images found: 1
[2025-03-13 16:18:10] [ INFO ] [SpaceImageService:44] Finding space images
[2025-03-13 16:18:10] [ INFO ] [SpaceImageService:49] Filtering by spaceId: 10
[2025-03-13 16:18:10] [ INFO ] [SpaceImageService:59] Space images found: 1
[2025-03-13 16:18:10] [ INFO ] [SpaceService:60] Spaces found: 6
[2025-03-13 16:20:56] [ INFO ] [SpaceService:56] Finding all spaces
[2025-03-13 16:20:56] [ INFO ] [SpaceService:56] Finding all spaces
[2025-03-13 16:20:56] [ INFO ] [SpaceImageService:44] Finding space images
[2025-03-13 16:20:56] [ INFO ] [SpaceImageService:49] Filtering by spaceId: 1
[2025-03-13 16:20:56] [ INFO ] [SpaceImageService:59] Space images found: 1
[2025-03-13 16:20:56] [ INFO ] [SpaceImageService:44] Finding space images
[2025-03-13 16:20:56] [ INFO ] [SpaceImageService:49] Filtering by spaceId: 2
[2025-03-13 16:20:56] [ INFO ] [SpaceImageService:44] Finding space images
[2025-03-13 16:20:56] [ INFO ] [SpaceImageService:49] Filtering by spaceId: 1
[2025-03-13 16:20:56] [ INFO ] [SpaceImageService:59] Space images found: 1
[2025-03-13 16:20:56] [ INFO ] [SpaceImageService:44] Finding space images
[2025-03-13 16:20:56] [ INFO ] [SpaceImageService:49] Filtering by spaceId: 3
[2025-03-13 16:20:56] [ INFO ] [SpaceImageService:59] Space images found: 1
[2025-03-13 16:20:56] [ INFO ] [SpaceImageService:44] Finding space images
[2025-03-13 16:20:56] [ INFO ] [SpaceImageService:59] Space images found: 1
[2025-03-13 16:20:56] [ INFO ] [SpaceImageService:44] Finding space images
[2025-03-13 16:20:56] [ INFO ] [SpaceImageService:49] Filtering by spaceId: 4
[2025-03-13 16:20:56] [ INFO ] [SpaceImageService:49] Filtering by spaceId: 2
[2025-03-13 16:20:56] [ INFO ] [SpaceImageService:59] Space images found: 1
[2025-03-13 16:20:56] [ INFO ] [SpaceImageService:44] Finding space images
[2025-03-13 16:20:56] [ INFO ] [SpaceImageService:59] Space images found: 1
[2025-03-13 16:20:56] [ INFO ] [SpaceImageService:49] Filtering by spaceId: 3
[2025-03-13 16:20:56] [ INFO ] [SpaceImageService:44] Finding space images
[2025-03-13 16:20:56] [ INFO ] [SpaceImageService:49] Filtering by spaceId: 5
[2025-03-13 16:20:56] [ INFO ] [SpaceImageService:59] Space images found: 1
[2025-03-13 16:20:56] [ INFO ] [SpaceImageService:44] Finding space images
[2025-03-13 16:20:56] [ INFO ] [SpaceImageService:49] Filtering by spaceId: 4
[2025-03-13 16:20:56] [ INFO ] [SpaceImageService:59] Space images found: 1
[2025-03-13 16:20:56] [ INFO ] [SpaceImageService:44] Finding space images
[2025-03-13 16:20:56] [ INFO ] [SpaceImageService:49] Filtering by spaceId: 10
[2025-03-13 16:20:56] [ INFO ] [SpaceImageService:59] Space images found: 1
[2025-03-13 16:20:56] [ INFO ] [SpaceImageService:59] Space images found: 1
[2025-03-13 16:20:56] [ INFO ] [SpaceService:60] Spaces found: 6
[2025-03-13 16:20:56] [ INFO ] [SpaceImageService:44] Finding space images
[2025-03-13 16:20:56] [ INFO ] [SpaceImageService:49] Filtering by spaceId: 5
[2025-03-13 16:20:56] [ INFO ] [SpaceImageService:59] Space images found: 1
[2025-03-13 16:20:56] [ INFO ] [SpaceImageService:44] Finding space images
[2025-03-13 16:20:56] [ INFO ] [SpaceImageService:49] Filtering by spaceId: 10
[2025-03-13 16:20:56] [ INFO ] [SpaceImageService:59] Space images found: 1
[2025-03-13 16:20:56] [ INFO ] [SpaceService:60] Spaces found: 6
[2025-03-13 16:21:00] [ INFO ] [SpaceService:56] Finding all spaces
[2025-03-13 16:21:00] [ INFO ] [SpaceService:56] Finding all spaces
[2025-03-13 16:21:00] [ INFO ] [SpaceImageService:44] Finding space images
[2025-03-13 16:21:00] [ INFO ] [SpaceImageService:49] Filtering by spaceId: 1
[2025-03-13 16:21:00] [ INFO ] [SpaceImageService:44] Finding space images
[2025-03-13 16:21:00] [ INFO ] [SpaceImageService:49] Filtering by spaceId: 1
[2025-03-13 16:21:00] [ INFO ] [SpaceImageService:59] Space images found: 1
[2025-03-13 16:21:00] [ INFO ] [SpaceImageService:44] Finding space images
[2025-03-13 16:21:00] [ INFO ] [SpaceImageService:49] Filtering by spaceId: 2
[2025-03-13 16:21:00] [ INFO ] [SpaceImageService:59] Space images found: 1
[2025-03-13 16:21:00] [ INFO ] [SpaceImageService:44] Finding space images
[2025-03-13 16:21:00] [ INFO ] [SpaceImageService:49] Filtering by spaceId: 2
[2025-03-13 16:21:00] [ INFO ] [SpaceImageService:59] Space images found: 1
[2025-03-13 16:21:00] [ INFO ] [SpaceImageService:59] Space images found: 1
[2025-03-13 16:21:00] [ INFO ] [SpaceImageService:44] Finding space images
[2025-03-13 16:21:00] [ INFO ] [SpaceImageService:49] Filtering by spaceId: 3
[2025-03-13 16:21:00] [ INFO ] [SpaceImageService:44] Finding space images
[2025-03-13 16:21:00] [ INFO ] [SpaceImageService:49] Filtering by spaceId: 3
[2025-03-13 16:21:00] [ INFO ] [SpaceImageService:59] Space images found: 1
[2025-03-13 16:21:00] [ INFO ] [SpaceImageService:44] Finding space images
[2025-03-13 16:21:00] [ INFO ] [SpaceImageService:49] Filtering by spaceId: 4
[2025-03-13 16:21:00] [ INFO ] [SpaceImageService:59] Space images found: 1
[2025-03-13 16:21:00] [ INFO ] [SpaceImageService:44] Finding space images
[2025-03-13 16:21:00] [ INFO ] [SpaceImageService:49] Filtering by spaceId: 4
[2025-03-13 16:21:00] [ INFO ] [SpaceImageService:59] Space images found: 1
[2025-03-13 16:21:00] [ INFO ] [SpaceImageService:44] Finding space images
[2025-03-13 16:21:00] [ INFO ] [SpaceImageService:49] Filtering by spaceId: 5
[2025-03-13 16:21:00] [ INFO ] [SpaceImageService:59] Space images found: 1
[2025-03-13 16:21:00] [ INFO ] [SpaceImageService:44] Finding space images
[2025-03-13 16:21:00] [ INFO ] [SpaceImageService:49] Filtering by spaceId: 5
[2025-03-13 16:21:00] [ INFO ] [SpaceImageService:59] Space images found: 1
[2025-03-13 16:21:00] [ INFO ] [SpaceImageService:44] Finding space images
[2025-03-13 16:21:00] [ INFO ] [SpaceImageService:59] Space images found: 1
[2025-03-13 16:21:00] [ INFO ] [SpaceImageService:44] Finding space images
[2025-03-13 16:21:00] [ INFO ] [SpaceImageService:49] Filtering by spaceId: 10
[2025-03-13 16:21:00] [ INFO ] [SpaceImageService:49] Filtering by spaceId: 10
[2025-03-13 16:21:00] [ INFO ] [SpaceImageService:59] Space images found: 1
[2025-03-13 16:21:00] [ INFO ] [SpaceService:60] Spaces found: 6
[2025-03-13 16:21:00] [ INFO ] [SpaceImageService:59] Space images found: 1
[2025-03-13 16:21:00] [ INFO ] [SpaceService:60] Spaces found: 6
[2025-03-13 16:29:00] [ INFO ] [SpaceService:56] Finding all spaces
[2025-03-13 16:29:00] [ INFO ] [SpaceService:56] Finding all spaces
[2025-03-13 16:29:00] [ INFO ] [SpaceImageService:44] Finding space images
[2025-03-13 16:29:00] [ INFO ] [SpaceImageService:49] Filtering by spaceId: 1
[2025-03-13 16:29:00] [ INFO ] [SpaceImageService:44] Finding space images
[2025-03-13 16:29:00] [ INFO ] [SpaceImageService:49] Filtering by spaceId: 1
[2025-03-13 16:29:00] [ INFO ] [SpaceImageService:59] Space images found: 1
[2025-03-13 16:29:00] [ INFO ] [SpaceImageService:44] Finding space images
[2025-03-13 16:29:00] [ INFO ] [SpaceImageService:49] Filtering by spaceId: 2
[2025-03-13 16:29:00] [ INFO ] [SpaceImageService:59] Space images found: 1
[2025-03-13 16:29:00] [ INFO ] [SpaceImageService:44] Finding space images
[2025-03-13 16:29:00] [ INFO ] [SpaceImageService:49] Filtering by spaceId: 2
[2025-03-13 16:29:00] [ INFO ] [SpaceImageService:59] Space images found: 1
[2025-03-13 16:29:00] [ INFO ] [SpaceImageService:44] Finding space images
[2025-03-13 16:29:00] [ INFO ] [SpaceImageService:49] Filtering by spaceId: 3
[2025-03-13 16:29:00] [ INFO ] [SpaceImageService:59] Space images found: 1
[2025-03-13 16:29:00] [ INFO ] [SpaceImageService:44] Finding space images
[2025-03-13 16:29:00] [ INFO ] [SpaceImageService:49] Filtering by spaceId: 3
[2025-03-13 16:29:00] [ INFO ] [SpaceImageService:59] Space images found: 1
[2025-03-13 16:29:00] [ INFO ] [SpaceImageService:44] Finding space images
[2025-03-13 16:29:00] [ INFO ] [SpaceImageService:49] Filtering by spaceId: 4
[2025-03-13 16:29:00] [ INFO ] [SpaceImageService:59] Space images found: 1
[2025-03-13 16:29:00] [ INFO ] [SpaceImageService:44] Finding space images
[2025-03-13 16:29:00] [ INFO ] [SpaceImageService:49] Filtering by spaceId: 4
[2025-03-13 16:29:00] [ INFO ] [SpaceImageService:59] Space images found: 1
[2025-03-13 16:29:00] [ INFO ] [SpaceImageService:59] Space images found: 1
[2025-03-13 16:29:00] [ INFO ] [SpaceImageService:44] Finding space images
[2025-03-13 16:29:00] [ INFO ] [SpaceImageService:49] Filtering by spaceId: 5
[2025-03-13 16:29:00] [ INFO ] [SpaceImageService:44] Finding space images
[2025-03-13 16:29:00] [ INFO ] [SpaceImageService:49] Filtering by spaceId: 5
[2025-03-13 16:29:00] [ INFO ] [SpaceImageService:59] Space images found: 1
[2025-03-13 16:29:00] [ INFO ] [SpaceImageService:44] Finding space images
[2025-03-13 16:29:00] [ INFO ] [SpaceImageService:49] Filtering by spaceId: 10
[2025-03-13 16:29:00] [ INFO ] [SpaceImageService:59] Space images found: 1
[2025-03-13 16:29:00] [ INFO ] [SpaceImageService:44] Finding space images
[2025-03-13 16:29:00] [ INFO ] [SpaceImageService:49] Filtering by spaceId: 10
[2025-03-13 16:29:00] [ INFO ] [SpaceImageService:59] Space images found: 1
[2025-03-13 16:29:00] [ INFO ] [SpaceService:60] Spaces found: 6
[2025-03-13 16:29:00] [ INFO ] [SpaceImageService:59] Space images found: 1
[2025-03-13 16:29:00] [ INFO ] [SpaceService:60] Spaces found: 6
[2025-03-13 16:29:18] [ INFO ] [SpaceService:56] Finding all spaces
[2025-03-13 16:29:18] [ INFO ] [SpaceService:56] Finding all spaces
[2025-03-13 16:29:18] [ INFO ] [SpaceImageService:44] Finding space images
[2025-03-13 16:29:18] [ INFO ] [SpaceImageService:49] Filtering by spaceId: 1
[2025-03-13 16:29:18] [ INFO ] [SpaceImageService:44] Finding space images
[2025-03-13 16:29:18] [ INFO ] [SpaceImageService:49] Filtering by spaceId: 1
[2025-03-13 16:29:18] [ INFO ] [SpaceImageService:59] Space images found: 1
[2025-03-13 16:29:18] [ INFO ] [SpaceImageService:44] Finding space images
[2025-03-13 16:29:18] [ INFO ] [SpaceImageService:49] Filtering by spaceId: 2
[2025-03-13 16:29:18] [ INFO ] [SpaceImageService:59] Space images found: 1
[2025-03-13 16:29:18] [ INFO ] [SpaceImageService:44] Finding space images
[2025-03-13 16:29:18] [ INFO ] [SpaceImageService:49] Filtering by spaceId: 2
[2025-03-13 16:29:18] [ INFO ] [SpaceImageService:59] Space images found: 1
[2025-03-13 16:29:18] [ INFO ] [SpaceImageService:44] Finding space images
[2025-03-13 16:29:18] [ INFO ] [SpaceImageService:49] Filtering by spaceId: 3
[2025-03-13 16:29:18] [ INFO ] [SpaceImageService:59] Space images found: 1
[2025-03-13 16:29:18] [ INFO ] [SpaceImageService:44] Finding space images
[2025-03-13 16:29:18] [ INFO ] [SpaceImageService:49] Filtering by spaceId: 3
[2025-03-13 16:29:18] [ INFO ] [SpaceImageService:59] Space images found: 1
[2025-03-13 16:29:18] [ INFO ] [SpaceImageService:59] Space images found: 1
[2025-03-13 16:29:18] [ INFO ] [SpaceImageService:44] Finding space images
[2025-03-13 16:29:18] [ INFO ] [SpaceImageService:49] Filtering by spaceId: 4
[2025-03-13 16:29:18] [ INFO ] [SpaceImageService:44] Finding space images
[2025-03-13 16:29:18] [ INFO ] [SpaceImageService:49] Filtering by spaceId: 4
[2025-03-13 16:29:18] [ INFO ] [SpaceImageService:59] Space images found: 1
[2025-03-13 16:29:18] [ INFO ] [SpaceImageService:59] Space images found: 1
[2025-03-13 16:29:18] [ INFO ] [SpaceImageService:44] Finding space images
[2025-03-13 16:29:18] [ INFO ] [SpaceImageService:44] Finding space images
[2025-03-13 16:29:18] [ INFO ] [SpaceImageService:49] Filtering by spaceId: 5
[2025-03-13 16:29:18] [ INFO ] [SpaceImageService:49] Filtering by spaceId: 5
[2025-03-13 16:29:18] [ INFO ] [SpaceImageService:59] Space images found: 1
[2025-03-13 16:29:18] [ INFO ] [SpaceImageService:59] Space images found: 1
[2025-03-13 16:29:18] [ INFO ] [SpaceImageService:44] Finding space images
[2025-03-13 16:29:18] [ INFO ] [SpaceImageService:49] Filtering by spaceId: 10
[2025-03-13 16:29:18] [ INFO ] [SpaceImageService:44] Finding space images
[2025-03-13 16:29:18] [ INFO ] [SpaceImageService:49] Filtering by spaceId: 10
[2025-03-13 16:29:18] [ INFO ] [SpaceImageService:59] Space images found: 1
[2025-03-13 16:29:18] [ INFO ] [SpaceService:60] Spaces found: 6
[2025-03-13 16:29:18] [ INFO ] [SpaceImageService:59] Space images found: 1
[2025-03-13 16:29:18] [ INFO ] [SpaceService:60] Spaces found: 6
[2025-03-13 16:29:20] [ INFO ] [SpaceService:56] Finding all spaces
[2025-03-13 16:29:20] [ INFO ] [SpaceService:56] Finding all spaces
[2025-03-13 16:29:20] [ INFO ] [SpaceImageService:44] Finding space images
[2025-03-13 16:29:20] [ INFO ] [SpaceImageService:49] Filtering by spaceId: 1
[2025-03-13 16:29:20] [ INFO ] [SpaceImageService:44] Finding space images
[2025-03-13 16:29:20] [ INFO ] [SpaceImageService:49] Filtering by spaceId: 1
[2025-03-13 16:29:20] [ INFO ] [SpaceImageService:59] Space images found: 1
[2025-03-13 16:29:20] [ INFO ] [SpaceImageService:44] Finding space images
[2025-03-13 16:29:20] [ INFO ] [SpaceImageService:49] Filtering by spaceId: 2
[2025-03-13 16:29:20] [ INFO ] [SpaceImageService:59] Space images found: 1
[2025-03-13 16:29:20] [ INFO ] [SpaceImageService:59] Space images found: 1
[2025-03-13 16:29:20] [ INFO ] [SpaceImageService:44] Finding space images
[2025-03-13 16:29:20] [ INFO ] [SpaceImageService:49] Filtering by spaceId: 2
[2025-03-13 16:29:20] [ INFO ] [SpaceImageService:44] Finding space images
[2025-03-13 16:29:20] [ INFO ] [SpaceImageService:49] Filtering by spaceId: 3
[2025-03-13 16:29:20] [ INFO ] [SpaceImageService:59] Space images found: 1
[2025-03-13 16:29:20] [ INFO ] [SpaceImageService:44] Finding space images
[2025-03-13 16:29:20] [ INFO ] [SpaceImageService:49] Filtering by spaceId: 4
[2025-03-13 16:29:20] [ INFO ] [SpaceImageService:59] Space images found: 1
[2025-03-13 16:29:20] [ INFO ] [SpaceImageService:44] Finding space images
[2025-03-13 16:29:20] [ INFO ] [SpaceImageService:49] Filtering by spaceId: 3
[2025-03-13 16:29:20] [ INFO ] [SpaceImageService:59] Space images found: 1
[2025-03-13 16:29:20] [ INFO ] [SpaceImageService:44] Finding space images
[2025-03-13 16:29:20] [ INFO ] [SpaceImageService:49] Filtering by spaceId: 4
[2025-03-13 16:29:20] [ INFO ] [SpaceImageService:59] Space images found: 1
[2025-03-13 16:29:20] [ INFO ] [SpaceImageService:44] Finding space images
[2025-03-13 16:29:20] [ INFO ] [SpaceImageService:49] Filtering by spaceId: 5
[2025-03-13 16:29:20] [ INFO ] [SpaceImageService:59] Space images found: 1
[2025-03-13 16:29:20] [ INFO ] [SpaceImageService:59] Space images found: 1
[2025-03-13 16:29:20] [ INFO ] [SpaceImageService:44] Finding space images
[2025-03-13 16:29:20] [ INFO ] [SpaceImageService:44] Finding space images
[2025-03-13 16:29:20] [ INFO ] [SpaceImageService:49] Filtering by spaceId: 10
[2025-03-13 16:29:20] [ INFO ] [SpaceImageService:49] Filtering by spaceId: 5
[2025-03-13 16:29:20] [ INFO ] [SpaceImageService:59] Space images found: 1
[2025-03-13 16:29:20] [ INFO ] [SpaceService:60] Spaces found: 6
[2025-03-13 16:29:20] [ INFO ] [SpaceImageService:59] Space images found: 1
[2025-03-13 16:29:20] [ INFO ] [SpaceImageService:44] Finding space images
[2025-03-13 16:29:20] [ INFO ] [SpaceImageService:49] Filtering by spaceId: 10
[2025-03-13 16:29:20] [ INFO ] [SpaceImageService:59] Space images found: 1
[2025-03-13 16:29:20] [ INFO ] [SpaceService:60] Spaces found: 6
[2025-03-13 18:00:00] [ INFO ] [SpaceService:56] Finding all spaces
[2025-03-13 18:00:00] [ INFO ] [SpaceService:56] Finding all spaces
[2025-03-13 18:00:00] [ INFO ] [SpaceImageService:44] Finding space images
[2025-03-13 18:00:00] [ INFO ] [SpaceImageService:44] Finding space images
[2025-03-13 18:00:00] [ INFO ] [SpaceImageService:49] Filtering by spaceId: 1
[2025-03-13 18:00:00] [ INFO ] [SpaceImageService:49] Filtering by spaceId: 1
[2025-03-13 18:00:00] [ INFO ] [SpaceImageService:59] Space images found: 1
[2025-03-13 18:00:00] [ INFO ] [SpaceImageService:59] Space images found: 1
[2025-03-13 18:00:00] [ INFO ] [SpaceImageService:44] Finding space images
[2025-03-13 18:00:00] [ INFO ] [SpaceImageService:49] Filtering by spaceId: 2
[2025-03-13 18:00:00] [ INFO ] [SpaceImageService:44] Finding space images
[2025-03-13 18:00:00] [ INFO ] [SpaceImageService:49] Filtering by spaceId: 2
[2025-03-13 18:00:00] [ INFO ] [SpaceImageService:59] Space images found: 1
[2025-03-13 18:00:00] [ INFO ] [SpaceImageService:59] Space images found: 1
[2025-03-13 18:00:00] [ INFO ] [SpaceImageService:44] Finding space images
[2025-03-13 18:00:00] [ INFO ] [SpaceImageService:44] Finding space images
[2025-03-13 18:00:00] [ INFO ] [SpaceImageService:49] Filtering by spaceId: 3
[2025-03-13 18:00:00] [ INFO ] [SpaceImageService:49] Filtering by spaceId: 3
[2025-03-13 18:00:00] [ INFO ] [SpaceImageService:59] Space images found: 1
[2025-03-13 18:00:00] [ INFO ] [SpaceImageService:59] Space images found: 1
[2025-03-13 18:00:00] [ INFO ] [SpaceImageService:44] Finding space images
[2025-03-13 18:00:00] [ INFO ] [SpaceImageService:49] Filtering by spaceId: 4
[2025-03-13 18:00:00] [ INFO ] [SpaceImageService:44] Finding space images
[2025-03-13 18:00:00] [ INFO ] [SpaceImageService:49] Filtering by spaceId: 4
[2025-03-13 18:00:00] [ INFO ] [SpaceImageService:59] Space images found: 1
[2025-03-13 18:00:00] [ INFO ] [SpaceImageService:44] Finding space images
[2025-03-13 18:00:00] [ INFO ] [SpaceImageService:49] Filtering by spaceId: 5
[2025-03-13 18:00:00] [ INFO ] [SpaceImageService:59] Space images found: 1
[2025-03-13 18:00:00] [ INFO ] [SpaceImageService:44] Finding space images
[2025-03-13 18:00:00] [ INFO ] [SpaceImageService:49] Filtering by spaceId: 5
[2025-03-13 18:00:00] [ INFO ] [SpaceImageService:59] Space images found: 1
[2025-03-13 18:00:00] [ INFO ] [SpaceImageService:44] Finding space images
[2025-03-13 18:00:00] [ INFO ] [SpaceImageService:49] Filtering by spaceId: 10
[2025-03-13 18:00:00] [ INFO ] [SpaceImageService:59] Space images found: 1
[2025-03-13 18:00:00] [ INFO ] [SpaceImageService:44] Finding space images
[2025-03-13 18:00:00] [ INFO ] [SpaceImageService:49] Filtering by spaceId: 10
[2025-03-13 18:00:00] [ INFO ] [SpaceImageService:59] Space images found: 1
[2025-03-13 18:00:00] [ INFO ] [SpaceService:60] Spaces found: 6
[2025-03-13 18:00:00] [ INFO ] [SpaceImageService:59] Space images found: 1
[2025-03-13 18:00:00] [ INFO ] [SpaceService:60] Spaces found: 6
[2025-03-13 18:21:04] [ INFO ] [SpaceService:56] Finding all spaces
[2025-03-13 18:21:04] [ INFO ] [SpaceService:56] Finding all spaces
[2025-03-13 18:21:04] [ INFO ] [SpaceImageService:44] Finding space images
[2025-03-13 18:21:04] [ INFO ] [SpaceImageService:49] Filtering by spaceId: 1
[2025-03-13 18:21:04] [ INFO ] [SpaceImageService:59] Space images found: 1
[2025-03-13 18:21:04] [ INFO ] [SpaceImageService:44] Finding space images
[2025-03-13 18:21:04] [ INFO ] [SpaceImageService:49] Filtering by spaceId: 2
[2025-03-13 18:21:04] [ INFO ] [SpaceImageService:44] Finding space images
[2025-03-13 18:21:04] [ INFO ] [SpaceImageService:49] Filtering by spaceId: 1
[2025-03-13 18:21:04] [ INFO ] [SpaceImageService:59] Space images found: 1
[2025-03-13 18:21:04] [ INFO ] [SpaceImageService:44] Finding space images
[2025-03-13 18:21:04] [ INFO ] [SpaceImageService:49] Filtering by spaceId: 3
[2025-03-13 18:21:04] [ INFO ] [SpaceImageService:59] Space images found: 1
[2025-03-13 18:21:04] [ INFO ] [SpaceImageService:44] Finding space images
[2025-03-13 18:21:04] [ INFO ] [SpaceImageService:49] Filtering by spaceId: 2
[2025-03-13 18:21:04] [ INFO ] [SpaceImageService:59] Space images found: 1
[2025-03-13 18:21:04] [ INFO ] [SpaceImageService:44] Finding space images
[2025-03-13 18:21:04] [ INFO ] [SpaceImageService:49] Filtering by spaceId: 4
[2025-03-13 18:21:04] [ INFO ] [SpaceImageService:59] Space images found: 1
[2025-03-13 18:21:04] [ INFO ] [SpaceImageService:44] Finding space images
[2025-03-13 18:21:04] [ INFO ] [SpaceImageService:49] Filtering by spaceId: 3
[2025-03-13 18:21:04] [ INFO ] [SpaceImageService:59] Space images found: 1
[2025-03-13 18:21:04] [ INFO ] [SpaceImageService:44] Finding space images
[2025-03-13 18:21:04] [ INFO ] [SpaceImageService:49] Filtering by spaceId: 5
[2025-03-13 18:21:04] [ INFO ] [SpaceImageService:59] Space images found: 1
[2025-03-13 18:21:04] [ INFO ] [SpaceImageService:44] Finding space images
[2025-03-13 18:21:04] [ INFO ] [SpaceImageService:49] Filtering by spaceId: 10
[2025-03-13 18:21:04] [ INFO ] [SpaceImageService:59] Space images found: 1
[2025-03-13 18:21:04] [ INFO ] [SpaceImageService:44] Finding space images
[2025-03-13 18:21:04] [ INFO ] [SpaceImageService:49] Filtering by spaceId: 4
[2025-03-13 18:21:04] [ INFO ] [SpaceImageService:59] Space images found: 1
[2025-03-13 18:21:04] [ INFO ] [SpaceImageService:44] Finding space images
[2025-03-13 18:21:04] [ INFO ] [SpaceImageService:49] Filtering by spaceId: 5
[2025-03-13 18:21:04] [ INFO ] [SpaceImageService:59] Space images found: 1
[2025-03-13 18:21:04] [ INFO ] [SpaceService:60] Spaces found: 6
[2025-03-13 18:21:04] [ INFO ] [SpaceImageService:59] Space images found: 1
[2025-03-13 18:21:04] [ INFO ] [SpaceImageService:44] Finding space images
[2025-03-13 18:21:04] [ INFO ] [SpaceImageService:49] Filtering by spaceId: 10
[2025-03-13 18:21:04] [ INFO ] [SpaceImageService:59] Space images found: 1
[2025-03-13 18:21:04] [ INFO ] [SpaceService:60] Spaces found: 6
[2025-03-13 19:30:20] [ INFO ] [SpaceService:56] Finding all spaces
[2025-03-13 19:30:20] [ INFO ] [SpaceService:56] Finding all spaces
[2025-03-13 19:30:20] [ INFO ] [SpaceImageService:44] Finding space images
[2025-03-13 19:30:20] [ INFO ] [SpaceImageService:44] Finding space images
[2025-03-13 19:30:20] [ INFO ] [SpaceImageService:49] Filtering by spaceId: 1
[2025-03-13 19:30:20] [ INFO ] [SpaceImageService:49] Filtering by spaceId: 1
[2025-03-13 19:30:20] [ INFO ] [SpaceImageService:59] Space images found: 1
[2025-03-13 19:30:20] [ INFO ] [SpaceImageService:59] Space images found: 1
[2025-03-13 19:30:20] [ INFO ] [SpaceImageService:44] Finding space images
[2025-03-13 19:30:20] [ INFO ] [SpaceImageService:44] Finding space images
[2025-03-13 19:30:20] [ INFO ] [SpaceImageService:49] Filtering by spaceId: 2
[2025-03-13 19:30:20] [ INFO ] [SpaceImageService:49] Filtering by spaceId: 2
[2025-03-13 19:30:20] [ INFO ] [SpaceImageService:59] Space images found: 1
[2025-03-13 19:30:20] [ INFO ] [SpaceImageService:44] Finding space images
[2025-03-13 19:30:20] [ INFO ] [SpaceImageService:49] Filtering by spaceId: 3
[2025-03-13 19:30:20] [ INFO ] [SpaceImageService:59] Space images found: 1
[2025-03-13 19:30:20] [ INFO ] [SpaceImageService:44] Finding space images
[2025-03-13 19:30:20] [ INFO ] [SpaceImageService:49] Filtering by spaceId: 3
[2025-03-13 19:30:20] [ INFO ] [SpaceImageService:59] Space images found: 1
[2025-03-13 19:30:20] [ INFO ] [SpaceImageService:44] Finding space images
[2025-03-13 19:30:20] [ INFO ] [SpaceImageService:49] Filtering by spaceId: 4
[2025-03-13 19:30:20] [ INFO ] [SpaceImageService:59] Space images found: 1
[2025-03-13 19:30:20] [ INFO ] [SpaceImageService:44] Finding space images
[2025-03-13 19:30:20] [ INFO ] [SpaceImageService:49] Filtering by spaceId: 4
[2025-03-13 19:30:20] [ INFO ] [SpaceImageService:59] Space images found: 1
[2025-03-13 19:30:20] [ INFO ] [SpaceImageService:44] Finding space images
[2025-03-13 19:30:20] [ INFO ] [SpaceImageService:49] Filtering by spaceId: 5
[2025-03-13 19:30:20] [ INFO ] [SpaceImageService:59] Space images found: 1
[2025-03-13 19:30:20] [ INFO ] [SpaceImageService:44] Finding space images
[2025-03-13 19:30:20] [ INFO ] [SpaceImageService:49] Filtering by spaceId: 5
[2025-03-13 19:30:20] [ INFO ] [SpaceImageService:59] Space images found: 1
[2025-03-13 19:30:20] [ INFO ] [SpaceImageService:44] Finding space images
[2025-03-13 19:30:20] [ INFO ] [SpaceImageService:49] Filtering by spaceId: 10
[2025-03-13 19:30:20] [ INFO ] [SpaceImageService:59] Space images found: 1
[2025-03-13 19:30:20] [ INFO ] [SpaceImageService:44] Finding space images
[2025-03-13 19:30:20] [ INFO ] [SpaceImageService:49] Filtering by spaceId: 10
[2025-03-13 19:30:20] [ INFO ] [SpaceImageService:59] Space images found: 1
[2025-03-13 19:30:20] [ INFO ] [SpaceImageService:59] Space images found: 1
[2025-03-13 19:30:20] [ INFO ] [SpaceService:60] Spaces found: 6
[2025-03-13 19:30:20] [ INFO ] [SpaceService:60] Spaces found: 6
[2025-03-13 19:30:27] [ INFO ] [SpaceService:66] Finding space by id: 4
[2025-03-13 19:30:27] [ INFO ] [SpaceService:73] Space found with id: 4
[2025-03-13 19:30:27] [ INFO ] [SpaceImageService:44] Finding space images
[2025-03-13 19:30:27] [ INFO ] [SpaceImageService:49] Filtering by spaceId: 4
[2025-03-13 19:30:27] [ INFO ] [SpaceImageService:59] Space images found: 1
[2025-03-13 19:30:27] [ INFO ] [SpaceService:66] Finding space by id: 4
[2025-03-13 19:30:27] [ INFO ] [SpaceService:73] Space found with id: 4
[2025-03-13 19:30:27] [ INFO ] [SpaceImageService:44] Finding space images
[2025-03-13 19:30:27] [ INFO ] [SpaceImageService:49] Filtering by spaceId: 4
[2025-03-13 19:30:27] [ INFO ] [SpaceImageService:59] Space images found: 1
[2025-03-13 19:30:32] [ INFO ] [SpaceService:56] Finding all spaces
[2025-03-13 19:30:32] [ INFO ] [SpaceService:56] Finding all spaces
[2025-03-13 19:30:32] [ INFO ] [SpaceImageService:44] Finding space images
[2025-03-13 19:30:32] [ INFO ] [SpaceImageService:49] Filtering by spaceId: 1
[2025-03-13 19:30:32] [ INFO ] [SpaceImageService:59] Space images found: 1
[2025-03-13 19:30:32] [ INFO ] [SpaceImageService:44] Finding space images
[2025-03-13 19:30:32] [ INFO ] [SpaceImageService:49] Filtering by spaceId: 2
[2025-03-13 19:30:32] [ INFO ] [SpaceImageService:44] Finding space images
[2025-03-13 19:30:32] [ INFO ] [SpaceImageService:49] Filtering by spaceId: 1
[2025-03-13 19:30:32] [ INFO ] [SpaceImageService:59] Space images found: 1
[2025-03-13 19:30:32] [ INFO ] [SpaceImageService:44] Finding space images
[2025-03-13 19:30:32] [ INFO ] [SpaceImageService:49] Filtering by spaceId: 3
[2025-03-13 19:30:32] [ INFO ] [SpaceImageService:59] Space images found: 1
[2025-03-13 19:30:32] [ INFO ] [SpaceImageService:44] Finding space images
[2025-03-13 19:30:32] [ INFO ] [SpaceImageService:49] Filtering by spaceId: 2
[2025-03-13 19:30:32] [ INFO ] [SpaceImageService:59] Space images found: 1
[2025-03-13 19:30:32] [ INFO ] [SpaceImageService:44] Finding space images
[2025-03-13 19:30:32] [ INFO ] [SpaceImageService:59] Space images found: 1
[2025-03-13 19:30:32] [ INFO ] [SpaceImageService:44] Finding space images
[2025-03-13 19:30:32] [ INFO ] [SpaceImageService:49] Filtering by spaceId: 3
[2025-03-13 19:30:32] [ INFO ] [SpaceImageService:49] Filtering by spaceId: 4
[2025-03-13 19:30:32] [ INFO ] [SpaceImageService:59] Space images found: 1
[2025-03-13 19:30:32] [ INFO ] [SpaceImageService:44] Finding space images
[2025-03-13 19:30:32] [ INFO ] [SpaceImageService:49] Filtering by spaceId: 4
[2025-03-13 19:30:32] [ INFO ] [SpaceImageService:59] Space images found: 1
[2025-03-13 19:30:32] [ INFO ] [SpaceImageService:44] Finding space images
[2025-03-13 19:30:32] [ INFO ] [SpaceImageService:49] Filtering by spaceId: 5
[2025-03-13 19:30:32] [ INFO ] [SpaceImageService:59] Space images found: 1
[2025-03-13 19:30:32] [ INFO ] [SpaceImageService:44] Finding space images
[2025-03-13 19:30:32] [ INFO ] [SpaceImageService:49] Filtering by spaceId: 5
[2025-03-13 19:30:32] [ INFO ] [SpaceImageService:59] Space images found: 1
[2025-03-13 19:30:32] [ INFO ] [SpaceImageService:44] Finding space images
[2025-03-13 19:30:32] [ INFO ] [SpaceImageService:49] Filtering by spaceId: 10
[2025-03-13 19:30:32] [ INFO ] [SpaceImageService:59] Space images found: 1
[2025-03-13 19:30:32] [ INFO ] [SpaceImageService:59] Space images found: 1
[2025-03-13 19:30:32] [ INFO ] [SpaceImageService:44] Finding space images
[2025-03-13 19:30:32] [ INFO ] [SpaceImageService:49] Filtering by spaceId: 10
[2025-03-13 19:30:32] [ INFO ] [SpaceService:60] Spaces found: 6
[2025-03-13 19:30:32] [ INFO ] [SpaceImageService:59] Space images found: 1
[2025-03-13 19:30:32] [ INFO ] [SpaceService:60] Spaces found: 6
[2025-03-13 19:30:40] [ INFO ] [SpaceService:56] Finding all spaces
[2025-03-13 19:30:40] [ INFO ] [SpaceService:56] Finding all spaces
[2025-03-13 19:30:40] [ INFO ] [SpaceImageService:44] Finding space images
[2025-03-13 19:30:40] [ INFO ] [SpaceImageService:49] Filtering by spaceId: 1
[2025-03-13 19:30:40] [ INFO ] [SpaceImageService:44] Finding space images
[2025-03-13 19:30:40] [ INFO ] [SpaceImageService:49] Filtering by spaceId: 1
[2025-03-13 19:30:40] [ INFO ] [SpaceImageService:59] Space images found: 1
[2025-03-13 19:30:40] [ INFO ] [SpaceImageService:44] Finding space images
[2025-03-13 19:30:40] [ INFO ] [SpaceImageService:49] Filtering by spaceId: 2
[2025-03-13 19:30:40] [ INFO ] [SpaceImageService:59] Space images found: 1
[2025-03-13 19:30:40] [ INFO ] [SpaceImageService:44] Finding space images
[2025-03-13 19:30:40] [ INFO ] [SpaceImageService:49] Filtering by spaceId: 2
[2025-03-13 19:30:40] [ INFO ] [SpaceImageService:59] Space images found: 1
[2025-03-13 19:30:40] [ INFO ] [SpaceImageService:44] Finding space images
[2025-03-13 19:30:40] [ INFO ] [SpaceImageService:49] Filtering by spaceId: 3
[2025-03-13 19:30:40] [ INFO ] [SpaceImageService:59] Space images found: 1
[2025-03-13 19:30:40] [ INFO ] [SpaceImageService:44] Finding space images
[2025-03-13 19:30:40] [ INFO ] [SpaceImageService:49] Filtering by spaceId: 3
[2025-03-13 19:30:40] [ INFO ] [SpaceImageService:59] Space images found: 1
[2025-03-13 19:30:40] [ INFO ] [SpaceImageService:44] Finding space images
[2025-03-13 19:30:40] [ INFO ] [SpaceImageService:49] Filtering by spaceId: 4
[2025-03-13 19:30:40] [ INFO ] [SpaceImageService:59] Space images found: 1
[2025-03-13 19:30:40] [ INFO ] [SpaceImageService:44] Finding space images
[2025-03-13 19:30:40] [ INFO ] [SpaceImageService:49] Filtering by spaceId: 4
[2025-03-13 19:30:40] [ INFO ] [SpaceImageService:59] Space images found: 1
[2025-03-13 19:30:40] [ INFO ] [SpaceImageService:44] Finding space images
[2025-03-13 19:30:40] [ INFO ] [SpaceImageService:49] Filtering by spaceId: 5
[2025-03-13 19:30:40] [ INFO ] [SpaceImageService:59] Space images found: 1
[2025-03-13 19:30:40] [ INFO ] [SpaceImageService:59] Space images found: 1
[2025-03-13 19:30:40] [ INFO ] [SpaceImageService:44] Finding space images
[2025-03-13 19:30:40] [ INFO ] [SpaceImageService:49] Filtering by spaceId: 10
[2025-03-13 19:30:40] [ INFO ] [SpaceImageService:44] Finding space images
[2025-03-13 19:30:40] [ INFO ] [SpaceImageService:49] Filtering by spaceId: 5
[2025-03-13 19:30:40] [ INFO ] [SpaceImageService:59] Space images found: 1
[2025-03-13 19:30:40] [ INFO ] [SpaceService:60] Spaces found: 6
[2025-03-13 19:30:40] [ INFO ] [SpaceImageService:59] Space images found: 1
[2025-03-13 19:30:40] [ INFO ] [SpaceImageService:44] Finding space images
[2025-03-13 19:30:40] [ INFO ] [SpaceImageService:49] Filtering by spaceId: 10
[2025-03-13 19:30:40] [ INFO ] [SpaceImageService:59] Space images found: 1
[2025-03-13 19:30:40] [ INFO ] [SpaceService:60] Spaces found: 6
[2025-03-13 19:30:43] [ INFO ] [SpaceService:56] Finding all spaces
[2025-03-13 19:30:43] [ INFO ] [SpaceService:56] Finding all spaces
[2025-03-13 19:30:43] [ INFO ] [SpaceImageService:44] Finding space images
[2025-03-13 19:30:43] [ INFO ] [SpaceImageService:49] Filtering by spaceId: 1
[2025-03-13 19:30:43] [ INFO ] [SpaceImageService:44] Finding space images
[2025-03-13 19:30:43] [ INFO ] [SpaceImageService:49] Filtering by spaceId: 1
[2025-03-13 19:30:43] [ INFO ] [SpaceImageService:59] Space images found: 1
[2025-03-13 19:30:43] [ INFO ] [SpaceImageService:44] Finding space images
[2025-03-13 19:30:43] [ INFO ] [SpaceImageService:49] Filtering by spaceId: 2
[2025-03-13 19:30:43] [ INFO ] [SpaceImageService:59] Space images found: 1
[2025-03-13 19:30:43] [ INFO ] [SpaceImageService:44] Finding space images
[2025-03-13 19:30:43] [ INFO ] [SpaceImageService:49] Filtering by spaceId: 2
[2025-03-13 19:30:43] [ INFO ] [SpaceImageService:59] Space images found: 1
[2025-03-13 19:30:43] [ INFO ] [SpaceImageService:44] Finding space images
[2025-03-13 19:30:43] [ INFO ] [SpaceImageService:49] Filtering by spaceId: 3
[2025-03-13 19:30:43] [ INFO ] [SpaceImageService:59] Space images found: 1
[2025-03-13 19:30:43] [ INFO ] [SpaceImageService:44] Finding space images
[2025-03-13 19:30:43] [ INFO ] [SpaceImageService:49] Filtering by spaceId: 3
[2025-03-13 19:30:43] [ INFO ] [SpaceImageService:59] Space images found: 1
[2025-03-13 19:30:43] [ INFO ] [SpaceImageService:44] Finding space images
[2025-03-13 19:30:43] [ INFO ] [SpaceImageService:49] Filtering by spaceId: 4
[2025-03-13 19:30:43] [ INFO ] [SpaceImageService:59] Space images found: 1
[2025-03-13 19:30:43] [ INFO ] [SpaceImageService:44] Finding space images
[2025-03-13 19:30:43] [ INFO ] [SpaceImageService:49] Filtering by spaceId: 4
[2025-03-13 19:30:43] [ INFO ] [SpaceImageService:59] Space images found: 1
[2025-03-13 19:30:43] [ INFO ] [SpaceImageService:44] Finding space images
[2025-03-13 19:30:43] [ INFO ] [SpaceImageService:49] Filtering by spaceId: 5
[2025-03-13 19:30:43] [ INFO ] [SpaceImageService:59] Space images found: 1
[2025-03-13 19:30:43] [ INFO ] [SpaceImageService:44] Finding space images
[2025-03-13 19:30:43] [ INFO ] [SpaceImageService:49] Filtering by spaceId: 5
[2025-03-13 19:30:43] [ INFO ] [SpaceImageService:59] Space images found: 1
[2025-03-13 19:30:43] [ INFO ] [SpaceImageService:59] Space images found: 1
[2025-03-13 19:30:43] [ INFO ] [SpaceImageService:44] Finding space images
[2025-03-13 19:30:43] [ INFO ] [SpaceImageService:49] Filtering by spaceId: 10
[2025-03-13 19:30:43] [ INFO ] [SpaceImageService:44] Finding space images
[2025-03-13 19:30:43] [ INFO ] [SpaceImageService:49] Filtering by spaceId: 10
[2025-03-13 19:30:43] [ INFO ] [SpaceImageService:59] Space images found: 1
[2025-03-13 19:30:43] [ INFO ] [SpaceService:60] Spaces found: 6
[2025-03-13 19:30:43] [ INFO ] [SpaceImageService:59] Space images found: 1
[2025-03-13 19:30:43] [ INFO ] [SpaceService:60] Spaces found: 6
[2025-03-13 19:30:45] [ INFO ] [SpaceTypeService:42] Finding all space type
[2025-03-13 19:30:45] [ INFO ] [SpaceTypeService:47] Space type found: 7
[2025-03-13 19:30:45] [ INFO ] [SpaceTypeService:42] Finding all space type
[2025-03-13 19:30:45] [ INFO ] [SpaceTypeService:47] Space type found: 7
[2025-03-13 19:30:53] [ INFO ] [SpaceTypeService:87] Deleting space type by id: 9
[2025-03-13 19:30:55] [ INFO ] [SpaceTypeService:87] Deleting space type by id: 8
[2025-03-13 19:30:55] [ INFO ] [SpaceTypeService:93] Space type deleted with id: 8
[2025-03-13 19:31:05] [ INFO ] [SpaceTypeService:33] Creating space type: Probando
[2025-03-13 19:31:05] [ INFO ] [SpaceTypeService:36] Space type created: Probando
[2025-03-13 19:31:09] [ INFO ] [SpaceService:56] Finding all spaces
[2025-03-13 19:31:09] [ INFO ] [SpaceService:56] Finding all spaces
[2025-03-13 19:31:09] [ INFO ] [SpaceImageService:44] Finding space images
[2025-03-13 19:31:09] [ INFO ] [SpaceImageService:49] Filtering by spaceId: 1
[2025-03-13 19:31:09] [ INFO ] [SpaceImageService:44] Finding space images
[2025-03-13 19:31:09] [ INFO ] [SpaceImageService:49] Filtering by spaceId: 1
[2025-03-13 19:31:09] [ INFO ] [SpaceImageService:59] Space images found: 1
[2025-03-13 19:31:09] [ INFO ] [SpaceImageService:44] Finding space images
[2025-03-13 19:31:09] [ INFO ] [SpaceImageService:49] Filtering by spaceId: 2
[2025-03-13 19:31:09] [ INFO ] [SpaceImageService:59] Space images found: 1
[2025-03-13 19:31:09] [ INFO ] [SpaceImageService:44] Finding space images
[2025-03-13 19:31:09] [ INFO ] [SpaceImageService:49] Filtering by spaceId: 2
[2025-03-13 19:31:09] [ INFO ] [SpaceImageService:59] Space images found: 1
[2025-03-13 19:31:09] [ INFO ] [SpaceImageService:59] Space images found: 1
[2025-03-13 19:31:09] [ INFO ] [SpaceImageService:44] Finding space images
[2025-03-13 19:31:09] [ INFO ] [SpaceImageService:44] Finding space images
[2025-03-13 19:31:09] [ INFO ] [SpaceImageService:49] Filtering by spaceId: 3
[2025-03-13 19:31:09] [ INFO ] [SpaceImageService:49] Filtering by spaceId: 3
[2025-03-13 19:31:09] [ INFO ] [SpaceImageService:59] Space images found: 1
[2025-03-13 19:31:09] [ INFO ] [SpaceImageService:44] Finding space images
[2025-03-13 19:31:09] [ INFO ] [SpaceImageService:49] Filtering by spaceId: 4
[2025-03-13 19:31:09] [ INFO ] [SpaceImageService:59] Space images found: 1
[2025-03-13 19:31:09] [ INFO ] [SpaceImageService:44] Finding space images
[2025-03-13 19:31:09] [ INFO ] [SpaceImageService:49] Filtering by spaceId: 4
[2025-03-13 19:31:09] [ INFO ] [SpaceImageService:59] Space images found: 1
[2025-03-13 19:31:09] [ INFO ] [SpaceImageService:44] Finding space images
[2025-03-13 19:31:09] [ INFO ] [SpaceImageService:49] Filtering by spaceId: 5
[2025-03-13 19:31:09] [ INFO ] [SpaceImageService:59] Space images found: 1
[2025-03-13 19:31:09] [ INFO ] [SpaceImageService:44] Finding space images
[2025-03-13 19:31:09] [ INFO ] [SpaceImageService:49] Filtering by spaceId: 5
[2025-03-13 19:31:09] [ INFO ] [SpaceImageService:59] Space images found: 1
[2025-03-13 19:31:09] [ INFO ] [SpaceImageService:44] Finding space images
[2025-03-13 19:31:09] [ INFO ] [SpaceImageService:49] Filtering by spaceId: 10
[2025-03-13 19:31:09] [ INFO ] [SpaceImageService:59] Space images found: 1
[2025-03-13 19:31:09] [ INFO ] [SpaceImageService:44] Finding space images
[2025-03-13 19:31:09] [ INFO ] [SpaceImageService:49] Filtering by spaceId: 10
[2025-03-13 19:31:09] [ INFO ] [SpaceImageService:59] Space images found: 1
[2025-03-13 19:31:09] [ INFO ] [SpaceImageService:59] Space images found: 1
[2025-03-13 19:31:09] [ INFO ] [SpaceService:60] Spaces found: 6
[2025-03-13 19:31:09] [ INFO ] [SpaceService:60] Spaces found: 6
[2025-03-13 19:31:10] [ INFO ] [SpaceTypeService:42] Finding all space type
[2025-03-13 19:31:10] [ INFO ] [SpaceTypeService:47] Space type found: 7
[2025-03-13 19:31:10] [ INFO ] [SpaceTypeService:42] Finding all space type
[2025-03-13 19:31:10] [ INFO ] [SpaceTypeService:47] Space type found: 7
[2025-03-13 19:31:45] [ INFO ] [SpaceService:37] Creating space :Testtttttt
[2025-03-13 19:31:45] [ INFO ] [SpaceImageService:35] Creating space images for space id: 11
[2025-03-13 19:31:45] [ INFO ] [SpaceImageService:38] Space image created: 1
[2025-03-13 19:31:45] [ INFO ] [SpaceService:50] Space created: Testtttttt
[2025-03-13 19:31:50] [ INFO ] [SpaceService:56] Finding all spaces
[2025-03-13 19:31:50] [ INFO ] [SpaceService:56] Finding all spaces
[2025-03-13 19:31:50] [ INFO ] [SpaceImageService:44] Finding space images
[2025-03-13 19:31:50] [ INFO ] [SpaceImageService:49] Filtering by spaceId: 1
[2025-03-13 19:31:50] [ INFO ] [SpaceImageService:59] Space images found: 1
[2025-03-13 19:31:50] [ INFO ] [SpaceImageService:44] Finding space images
[2025-03-13 19:31:50] [ INFO ] [SpaceImageService:49] Filtering by spaceId: 2
[2025-03-13 19:31:50] [ INFO ] [SpaceImageService:44] Finding space images
[2025-03-13 19:31:50] [ INFO ] [SpaceImageService:59] Space images found: 1
[2025-03-13 19:31:50] [ INFO ] [SpaceImageService:44] Finding space images
[2025-03-13 19:31:50] [ INFO ] [SpaceImageService:49] Filtering by spaceId: 3
[2025-03-13 19:31:50] [ INFO ] [SpaceImageService:49] Filtering by spaceId: 1
[2025-03-13 19:31:50] [ INFO ] [SpaceImageService:59] Space images found: 1
[2025-03-13 19:31:50] [ INFO ] [SpaceImageService:44] Finding space images
[2025-03-13 19:31:50] [ INFO ] [SpaceImageService:49] Filtering by spaceId: 4
[2025-03-13 19:31:50] [ INFO ] [SpaceImageService:59] Space images found: 1
[2025-03-13 19:31:50] [ INFO ] [SpaceImageService:44] Finding space images
[2025-03-13 19:31:50] [ INFO ] [SpaceImageService:49] Filtering by spaceId: 2
[2025-03-13 19:31:50] [ INFO ] [SpaceImageService:59] Space images found: 1
[2025-03-13 19:31:50] [ INFO ] [SpaceImageService:59] Space images found: 1
[2025-03-13 19:31:50] [ INFO ] [SpaceImageService:44] Finding space images
[2025-03-13 19:31:50] [ INFO ] [SpaceImageService:44] Finding space images
[2025-03-13 19:31:50] [ INFO ] [SpaceImageService:49] Filtering by spaceId: 3
[2025-03-13 19:31:50] [ INFO ] [SpaceImageService:49] Filtering by spaceId: 5
[2025-03-13 19:31:50] [ INFO ] [SpaceImageService:59] Space images found: 1
[2025-03-13 19:31:50] [ INFO ] [SpaceImageService:44] Finding space images
[2025-03-13 19:31:50] [ INFO ] [SpaceImageService:59] Space images found: 1
[2025-03-13 19:31:50] [ INFO ] [SpaceImageService:49] Filtering by spaceId: 4
[2025-03-13 19:31:50] [ INFO ] [SpaceImageService:44] Finding space images
[2025-03-13 19:31:50] [ INFO ] [SpaceImageService:49] Filtering by spaceId: 10
[2025-03-13 19:31:50] [ INFO ] [SpaceImageService:59] Space images found: 1
[2025-03-13 19:31:50] [ INFO ] [SpaceImageService:44] Finding space images
[2025-03-13 19:31:50] [ INFO ] [SpaceImageService:49] Filtering by spaceId: 11
[2025-03-13 19:31:50] [ INFO ] [SpaceImageService:59] Space images found: 1
[2025-03-13 19:31:50] [ INFO ] [SpaceImageService:44] Finding space images
[2025-03-13 19:31:50] [ INFO ] [SpaceImageService:49] Filtering by spaceId: 5
[2025-03-13 19:31:50] [ INFO ] [SpaceImageService:59] Space images found: 1
[2025-03-13 19:31:50] [ INFO ] [SpaceImageService:59] Space images found: 1
[2025-03-13 19:31:50] [ INFO ] [SpaceService:60] Spaces found: 7
[2025-03-13 19:31:50] [ INFO ] [SpaceImageService:44] Finding space images
[2025-03-13 19:31:50] [ INFO ] [SpaceImageService:49] Filtering by spaceId: 10
[2025-03-13 19:31:50] [ INFO ] [SpaceImageService:59] Space images found: 1
[2025-03-13 19:31:50] [ INFO ] [SpaceImageService:44] Finding space images
[2025-03-13 19:31:50] [ INFO ] [SpaceImageService:49] Filtering by spaceId: 11
[2025-03-13 19:31:50] [ INFO ] [SpaceImageService:59] Space images found: 1
[2025-03-13 19:31:50] [ INFO ] [SpaceService:60] Spaces found: 7
[2025-03-13 19:31:54] [ INFO ] [SpaceService:56] Finding all spaces
[2025-03-13 19:31:54] [ INFO ] [SpaceService:56] Finding all spaces
[2025-03-13 19:31:54] [ INFO ] [SpaceImageService:44] Finding space images
[2025-03-13 19:31:54] [ INFO ] [SpaceImageService:49] Filtering by spaceId: 1
[2025-03-13 19:31:54] [ INFO ] [SpaceImageService:44] Finding space images
[2025-03-13 19:31:54] [ INFO ] [SpaceImageService:49] Filtering by spaceId: 1
[2025-03-13 19:31:54] [ INFO ] [SpaceImageService:59] Space images found: 1
[2025-03-13 19:31:54] [ INFO ] [SpaceImageService:44] Finding space images
[2025-03-13 19:31:54] [ INFO ] [SpaceImageService:49] Filtering by spaceId: 2
[2025-03-13 19:31:54] [ INFO ] [SpaceImageService:59] Space images found: 1
[2025-03-13 19:31:54] [ INFO ] [SpaceImageService:59] Space images found: 1
[2025-03-13 19:31:54] [ INFO ] [SpaceImageService:44] Finding space images
[2025-03-13 19:31:54] [ INFO ] [SpaceImageService:49] Filtering by spaceId: 2
[2025-03-13 19:31:54] [ INFO ] [SpaceImageService:44] Finding space images
[2025-03-13 19:31:54] [ INFO ] [SpaceImageService:49] Filtering by spaceId: 3
[2025-03-13 19:31:54] [ INFO ] [SpaceImageService:59] Space images found: 1
[2025-03-13 19:31:54] [ INFO ] [SpaceImageService:44] Finding space images
[2025-03-13 19:31:54] [ INFO ] [SpaceImageService:49] Filtering by spaceId: 3
[2025-03-13 19:31:54] [ INFO ] [SpaceImageService:59] Space images found: 1
[2025-03-13 19:31:54] [ INFO ] [SpaceImageService:44] Finding space images
[2025-03-13 19:31:54] [ INFO ] [SpaceImageService:49] Filtering by spaceId: 4
[2025-03-13 19:31:54] [ INFO ] [SpaceImageService:59] Space images found: 1
[2025-03-13 19:31:54] [ INFO ] [SpaceImageService:44] Finding space images
[2025-03-13 19:31:54] [ INFO ] [SpaceImageService:49] Filtering by spaceId: 4
[2025-03-13 19:31:54] [ INFO ] [SpaceImageService:59] Space images found: 1
[2025-03-13 19:31:54] [ INFO ] [SpaceImageService:44] Finding space images
[2025-03-13 19:31:54] [ INFO ] [SpaceImageService:49] Filtering by spaceId: 5
[2025-03-13 19:31:54] [ INFO ] [SpaceImageService:59] Space images found: 1
[2025-03-13 19:31:54] [ INFO ] [SpaceImageService:44] Finding space images
[2025-03-13 19:31:54] [ INFO ] [SpaceImageService:49] Filtering by spaceId: 5
[2025-03-13 19:31:54] [ INFO ] [SpaceImageService:59] Space images found: 1
[2025-03-13 19:31:54] [ INFO ] [SpaceImageService:44] Finding space images
[2025-03-13 19:31:54] [ INFO ] [SpaceImageService:49] Filtering by spaceId: 10
[2025-03-13 19:31:54] [ INFO ] [SpaceImageService:59] Space images found: 1
[2025-03-13 19:31:54] [ INFO ] [SpaceImageService:44] Finding space images
[2025-03-13 19:31:54] [ INFO ] [SpaceImageService:49] Filtering by spaceId: 10
[2025-03-13 19:31:54] [ INFO ] [SpaceImageService:59] Space images found: 1
[2025-03-13 19:31:54] [ INFO ] [SpaceImageService:44] Finding space images
[2025-03-13 19:31:54] [ INFO ] [SpaceImageService:49] Filtering by spaceId: 11
[2025-03-13 19:31:54] [ INFO ] [SpaceImageService:59] Space images found: 1
[2025-03-13 19:31:54] [ INFO ] [SpaceImageService:44] Finding space images
[2025-03-13 19:31:54] [ INFO ] [SpaceImageService:49] Filtering by spaceId: 11
[2025-03-13 19:31:54] [ INFO ] [SpaceImageService:59] Space images found: 1
[2025-03-13 19:31:54] [ INFO ] [SpaceImageService:59] Space images found: 1
[2025-03-13 19:31:54] [ INFO ] [SpaceService:60] Spaces found: 7
[2025-03-13 19:31:54] [ INFO ] [SpaceService:60] Spaces found: 7
[2025-03-13 19:32:00] [ INFO ] [SpaceService:66] Finding space by id: 11
[2025-03-13 19:32:00] [ INFO ] [SpaceService:73] Space found with id: 11
[2025-03-13 19:32:00] [ INFO ] [SpaceImageService:44] Finding space images
[2025-03-13 19:32:00] [ INFO ] [SpaceImageService:49] Filtering by spaceId: 11
[2025-03-13 19:32:00] [ INFO ] [SpaceImageService:59] Space images found: 1
[2025-03-13 19:32:00] [ INFO ] [SpaceService:66] Finding space by id: 11
[2025-03-13 19:32:00] [ INFO ] [SpaceService:73] Space found with id: 11
[2025-03-13 19:32:00] [ INFO ] [SpaceImageService:44] Finding space images
[2025-03-13 19:32:00] [ INFO ] [SpaceImageService:49] Filtering by spaceId: 11
[2025-03-13 19:32:00] [ INFO ] [SpaceImageService:59] Space images found: 1
[2025-03-13 19:32:04] [ INFO ] [SpaceService:56] Finding all spaces
[2025-03-13 19:32:04] [ INFO ] [SpaceService:56] Finding all spaces
[2025-03-13 19:32:04] [ INFO ] [SpaceImageService:44] Finding space images
[2025-03-13 19:32:04] [ INFO ] [SpaceImageService:49] Filtering by spaceId: 1
[2025-03-13 19:32:04] [ INFO ] [SpaceImageService:59] Space images found: 1
[2025-03-13 19:32:04] [ INFO ] [SpaceImageService:44] Finding space images
[2025-03-13 19:32:04] [ INFO ] [SpaceImageService:44] Finding space images
[2025-03-13 19:32:04] [ INFO ] [SpaceImageService:49] Filtering by spaceId: 1
[2025-03-13 19:32:04] [ INFO ] [SpaceImageService:49] Filtering by spaceId: 2
[2025-03-13 19:32:04] [ INFO ] [SpaceImageService:59] Space images found: 1
[2025-03-13 19:32:04] [ INFO ] [SpaceImageService:59] Space images found: 1
[2025-03-13 19:32:04] [ INFO ] [SpaceImageService:44] Finding space images
[2025-03-13 19:32:04] [ INFO ] [SpaceImageService:49] Filtering by spaceId: 3
[2025-03-13 19:32:04] [ INFO ] [SpaceImageService:44] Finding space images
[2025-03-13 19:32:04] [ INFO ] [SpaceImageService:49] Filtering by spaceId: 2
[2025-03-13 19:32:04] [ INFO ] [SpaceImageService:59] Space images found: 1
[2025-03-13 19:32:04] [ INFO ] [SpaceImageService:59] Space images found: 1
[2025-03-13 19:32:04] [ INFO ] [SpaceImageService:44] Finding space images
[2025-03-13 19:32:04] [ INFO ] [SpaceImageService:44] Finding space images
[2025-03-13 19:32:04] [ INFO ] [SpaceImageService:49] Filtering by spaceId: 3
[2025-03-13 19:32:04] [ INFO ] [SpaceImageService:49] Filtering by spaceId: 4
[2025-03-13 19:32:04] [ INFO ] [SpaceImageService:59] Space images found: 1
[2025-03-13 19:32:04] [ INFO ] [SpaceImageService:44] Finding space images
[2025-03-13 19:32:04] [ INFO ] [SpaceImageService:49] Filtering by spaceId: 5
[2025-03-13 19:32:04] [ INFO ] [SpaceImageService:59] Space images found: 1
[2025-03-13 19:32:04] [ INFO ] [SpaceImageService:44] Finding space images
[2025-03-13 19:32:04] [ INFO ] [SpaceImageService:49] Filtering by spaceId: 4
[2025-03-13 19:32:04] [ INFO ] [SpaceImageService:59] Space images found: 1
[2025-03-13 19:32:04] [ INFO ] [SpaceImageService:44] Finding space images
[2025-03-13 19:32:04] [ INFO ] [SpaceImageService:49] Filtering by spaceId: 10
[2025-03-13 19:32:04] [ INFO ] [SpaceImageService:59] Space images found: 1
[2025-03-13 19:32:04] [ INFO ] [SpaceImageService:44] Finding space images
[2025-03-13 19:32:04] [ INFO ] [SpaceImageService:49] Filtering by spaceId: 5
[2025-03-13 19:32:04] [ INFO ] [SpaceImageService:59] Space images found: 1
[2025-03-13 19:32:04] [ INFO ] [SpaceImageService:59] Space images found: 1
[2025-03-13 19:32:04] [ INFO ] [SpaceImageService:44] Finding space images
[2025-03-13 19:32:04] [ INFO ] [SpaceImageService:44] Finding space images
[2025-03-13 19:32:04] [ INFO ] [SpaceImageService:49] Filtering by spaceId: 11
[2025-03-13 19:32:04] [ INFO ] [SpaceImageService:49] Filtering by spaceId: 10
[2025-03-13 19:32:04] [ INFO ] [SpaceImageService:59] Space images found: 1
[2025-03-13 19:32:04] [ INFO ] [SpaceImageService:59] Space images found: 1
[2025-03-13 19:32:04] [ INFO ] [SpaceImageService:44] Finding space images
[2025-03-13 19:32:04] [ INFO ] [SpaceImageService:49] Filtering by spaceId: 11
[2025-03-13 19:32:04] [ INFO ] [SpaceService:60] Spaces found: 7
[2025-03-13 19:32:04] [ INFO ] [SpaceImageService:59] Space images found: 1
[2025-03-13 19:32:04] [ INFO ] [SpaceService:60] Spaces found: 7
[2025-03-13 19:32:05] [ INFO ] [SpaceService:66] Finding space by id: 3
[2025-03-13 19:32:05] [ INFO ] [SpaceService:73] Space found with id: 3
[2025-03-13 19:32:05] [ INFO ] [SpaceImageService:44] Finding space images
[2025-03-13 19:32:05] [ INFO ] [SpaceImageService:49] Filtering by spaceId: 3
[2025-03-13 19:32:05] [ INFO ] [SpaceService:66] Finding space by id: 3
[2025-03-13 19:32:05] [ INFO ] [SpaceImageService:59] Space images found: 1
[2025-03-13 19:32:05] [ INFO ] [SpaceService:73] Space found with id: 3
[2025-03-13 19:32:05] [ INFO ] [SpaceImageService:44] Finding space images
[2025-03-13 19:32:05] [ INFO ] [SpaceImageService:49] Filtering by spaceId: 3
[2025-03-13 19:32:05] [ INFO ] [SpaceImageService:59] Space images found: 1
[2025-03-13 19:32:05] [ INFO ] [SpaceService:56] Finding all spaces
[2025-03-13 19:32:05] [ INFO ] [SpaceService:56] Finding all spaces
[2025-03-13 19:32:05] [ INFO ] [SpaceImageService:44] Finding space images
[2025-03-13 19:32:05] [ INFO ] [SpaceImageService:49] Filtering by spaceId: 1
[2025-03-13 19:32:05] [ INFO ] [SpaceImageService:44] Finding space images
[2025-03-13 19:32:05] [ INFO ] [SpaceImageService:49] Filtering by spaceId: 1
[2025-03-13 19:32:05] [ INFO ] [SpaceImageService:59] Space images found: 1
[2025-03-13 19:32:05] [ INFO ] [SpaceImageService:44] Finding space images
[2025-03-13 19:32:05] [ INFO ] [SpaceImageService:49] Filtering by spaceId: 2
[2025-03-13 19:32:05] [ INFO ] [SpaceImageService:59] Space images found: 1
[2025-03-13 19:32:05] [ INFO ] [SpaceImageService:44] Finding space images
[2025-03-13 19:32:05] [ INFO ] [SpaceImageService:49] Filtering by spaceId: 2
[2025-03-13 19:32:05] [ INFO ] [SpaceImageService:59] Space images found: 1
[2025-03-13 19:32:05] [ INFO ] [SpaceImageService:44] Finding space images
[2025-03-13 19:32:05] [ INFO ] [SpaceImageService:49] Filtering by spaceId: 3
[2025-03-13 19:32:05] [ INFO ] [SpaceImageService:59] Space images found: 1
[2025-03-13 19:32:05] [ INFO ] [SpaceImageService:44] Finding space images
[2025-03-13 19:32:05] [ INFO ] [SpaceImageService:49] Filtering by spaceId: 3
[2025-03-13 19:32:05] [ INFO ] [SpaceImageService:59] Space images found: 1
[2025-03-13 19:32:05] [ INFO ] [SpaceImageService:44] Finding space images
[2025-03-13 19:32:05] [ INFO ] [SpaceImageService:49] Filtering by spaceId: 4
[2025-03-13 19:32:05] [ INFO ] [SpaceImageService:59] Space images found: 1
[2025-03-13 19:32:05] [ INFO ] [SpaceImageService:44] Finding space images
[2025-03-13 19:32:05] [ INFO ] [SpaceImageService:49] Filtering by spaceId: 4
[2025-03-13 19:32:05] [ INFO ] [SpaceImageService:59] Space images found: 1
[2025-03-13 19:32:05] [ INFO ] [SpaceImageService:44] Finding space images
[2025-03-13 19:32:05] [ INFO ] [SpaceImageService:49] Filtering by spaceId: 5
[2025-03-13 19:32:05] [ INFO ] [SpaceImageService:59] Space images found: 1
[2025-03-13 19:32:05] [ INFO ] [SpaceImageService:44] Finding space images
[2025-03-13 19:32:05] [ INFO ] [SpaceImageService:49] Filtering by spaceId: 5
[2025-03-13 19:32:05] [ INFO ] [SpaceImageService:59] Space images found: 1
[2025-03-13 19:32:05] [ INFO ] [SpaceImageService:44] Finding space images
[2025-03-13 19:32:05] [ INFO ] [SpaceImageService:49] Filtering by spaceId: 10
[2025-03-13 19:32:05] [ INFO ] [SpaceImageService:59] Space images found: 1
[2025-03-13 19:32:05] [ INFO ] [SpaceImageService:44] Finding space images
[2025-03-13 19:32:05] [ INFO ] [SpaceImageService:49] Filtering by spaceId: 10
[2025-03-13 19:32:05] [ INFO ] [SpaceImageService:59] Space images found: 1
[2025-03-13 19:32:05] [ INFO ] [SpaceImageService:44] Finding space images
[2025-03-13 19:32:05] [ INFO ] [SpaceImageService:49] Filtering by spaceId: 11
[2025-03-13 19:32:05] [ INFO ] [SpaceImageService:59] Space images found: 1
[2025-03-13 19:32:05] [ INFO ] [SpaceImageService:44] Finding space images
[2025-03-13 19:32:05] [ INFO ] [SpaceImageService:49] Filtering by spaceId: 11
[2025-03-13 19:32:05] [ INFO ] [SpaceImageService:59] Space images found: 1
[2025-03-13 19:32:05] [ INFO ] [SpaceService:60] Spaces found: 7
[2025-03-13 19:32:05] [ INFO ] [SpaceImageService:59] Space images found: 1
[2025-03-13 19:32:05] [ INFO ] [SpaceService:60] Spaces found: 7
[2025-03-13 19:32:06] [ INFO ] [SpaceService:66] Finding space by id: 2
[2025-03-13 19:32:06] [ INFO ] [SpaceService:73] Space found with id: 2
[2025-03-13 19:32:06] [ INFO ] [SpaceImageService:44] Finding space images
[2025-03-13 19:32:06] [ INFO ] [SpaceImageService:49] Filtering by spaceId: 2
[2025-03-13 19:32:06] [ INFO ] [SpaceService:66] Finding space by id: 2
[2025-03-13 19:32:06] [ INFO ] [SpaceImageService:59] Space images found: 1
[2025-03-13 19:32:06] [ INFO ] [SpaceService:73] Space found with id: 2
[2025-03-13 19:32:06] [ INFO ] [SpaceImageService:44] Finding space images
[2025-03-13 19:32:06] [ INFO ] [SpaceImageService:49] Filtering by spaceId: 2
[2025-03-13 19:32:06] [ INFO ] [SpaceImageService:59] Space images found: 1
[2025-03-13 19:32:06] [ INFO ] [SpaceService:56] Finding all spaces
[2025-03-13 19:32:06] [ INFO ] [SpaceService:56] Finding all spaces
[2025-03-13 19:32:06] [ INFO ] [SpaceImageService:44] Finding space images
[2025-03-13 19:32:06] [ INFO ] [SpaceImageService:49] Filtering by spaceId: 1
[2025-03-13 19:32:06] [ INFO ] [SpaceImageService:59] Space images found: 1
[2025-03-13 19:32:06] [ INFO ] [SpaceImageService:44] Finding space images
[2025-03-13 19:32:06] [ INFO ] [SpaceImageService:49] Filtering by spaceId: 2
[2025-03-13 19:32:06] [ INFO ] [SpaceImageService:44] Finding space images
[2025-03-13 19:32:06] [ INFO ] [SpaceImageService:49] Filtering by spaceId: 1
[2025-03-13 19:32:06] [ INFO ] [SpaceImageService:59] Space images found: 1
[2025-03-13 19:32:06] [ INFO ] [SpaceImageService:59] Space images found: 1
[2025-03-13 19:32:06] [ INFO ] [SpaceImageService:44] Finding space images
[2025-03-13 19:32:06] [ INFO ] [SpaceImageService:49] Filtering by spaceId: 2
[2025-03-13 19:32:06] [ INFO ] [SpaceImageService:44] Finding space images
[2025-03-13 19:32:06] [ INFO ] [SpaceImageService:49] Filtering by spaceId: 3
[2025-03-13 19:32:06] [ INFO ] [SpaceImageService:59] Space images found: 1
[2025-03-13 19:32:06] [ INFO ] [SpaceImageService:59] Space images found: 1
[2025-03-13 19:32:06] [ INFO ] [SpaceImageService:44] Finding space images
[2025-03-13 19:32:06] [ INFO ] [SpaceImageService:49] Filtering by spaceId: 3
[2025-03-13 19:32:06] [ INFO ] [SpaceImageService:44] Finding space images
[2025-03-13 19:32:06] [ INFO ] [SpaceImageService:49] Filtering by spaceId: 4
[2025-03-13 19:32:06] [ INFO ] [SpaceImageService:59] Space images found: 1
[2025-03-13 19:32:06] [ INFO ] [SpaceImageService:44] Finding space images
[2025-03-13 19:32:06] [ INFO ] [SpaceImageService:49] Filtering by spaceId: 5
[2025-03-13 19:32:06] [ INFO ] [SpaceImageService:59] Space images found: 1
[2025-03-13 19:32:06] [ INFO ] [SpaceImageService:44] Finding space images
[2025-03-13 19:32:06] [ INFO ] [SpaceImageService:49] Filtering by spaceId: 4
[2025-03-13 19:32:06] [ INFO ] [SpaceImageService:59] Space images found: 1
[2025-03-13 19:32:06] [ INFO ] [SpaceImageService:44] Finding space images
[2025-03-13 19:32:06] [ INFO ] [SpaceImageService:49] Filtering by spaceId: 10
[2025-03-13 19:32:06] [ INFO ] [SpaceImageService:59] Space images found: 1
[2025-03-13 19:32:06] [ INFO ] [SpaceImageService:44] Finding space images
[2025-03-13 19:32:06] [ INFO ] [SpaceImageService:49] Filtering by spaceId: 5
[2025-03-13 19:32:06] [ INFO ] [SpaceImageService:59] Space images found: 1
[2025-03-13 19:32:06] [ INFO ] [SpaceImageService:59] Space images found: 1
[2025-03-13 19:32:06] [ INFO ] [SpaceImageService:44] Finding space images
[2025-03-13 19:32:06] [ INFO ] [SpaceImageService:49] Filtering by spaceId: 10
[2025-03-13 19:32:06] [ INFO ] [SpaceImageService:44] Finding space images
[2025-03-13 19:32:06] [ INFO ] [SpaceImageService:49] Filtering by spaceId: 11
[2025-03-13 19:32:06] [ INFO ] [SpaceImageService:59] Space images found: 1
[2025-03-13 19:32:06] [ INFO ] [SpaceService:60] Spaces found: 7
[2025-03-13 19:32:06] [ INFO ] [SpaceImageService:59] Space images found: 1
[2025-03-13 19:32:06] [ INFO ] [SpaceImageService:44] Finding space images
[2025-03-13 19:32:06] [ INFO ] [SpaceImageService:49] Filtering by spaceId: 11
[2025-03-13 19:32:06] [ INFO ] [SpaceImageService:59] Space images found: 1
[2025-03-13 19:32:06] [ INFO ] [SpaceService:60] Spaces found: 7
[2025-03-13 19:32:07] [ INFO ] [SpaceService:66] Finding space by id: 5
[2025-03-13 19:32:07] [ INFO ] [SpaceService:66] Finding space by id: 5
[2025-03-13 19:32:07] [ INFO ] [SpaceService:73] Space found with id: 5
[2025-03-13 19:32:07] [ INFO ] [SpaceImageService:44] Finding space images
[2025-03-13 19:32:07] [ INFO ] [SpaceImageService:49] Filtering by spaceId: 5
[2025-03-13 19:32:07] [ INFO ] [SpaceImageService:59] Space images found: 1
[2025-03-13 19:32:07] [ INFO ] [SpaceService:73] Space found with id: 5
[2025-03-13 19:32:07] [ INFO ] [SpaceImageService:44] Finding space images
[2025-03-13 19:32:07] [ INFO ] [SpaceImageService:49] Filtering by spaceId: 5
[2025-03-13 19:32:07] [ INFO ] [SpaceImageService:59] Space images found: 1
[2025-03-13 19:32:12] [ INFO ] [SpaceService:56] Finding all spaces
[2025-03-13 19:32:12] [ INFO ] [SpaceService:56] Finding all spaces
[2025-03-13 19:32:12] [ INFO ] [SpaceImageService:44] Finding space images
[2025-03-13 19:32:12] [ INFO ] [SpaceImageService:49] Filtering by spaceId: 1
[2025-03-13 19:32:12] [ INFO ] [SpaceImageService:44] Finding space images
[2025-03-13 19:32:12] [ INFO ] [SpaceImageService:49] Filtering by spaceId: 1
[2025-03-13 19:32:12] [ INFO ] [SpaceImageService:59] Space images found: 1
[2025-03-13 19:32:12] [ INFO ] [SpaceImageService:44] Finding space images
[2025-03-13 19:32:12] [ INFO ] [SpaceImageService:49] Filtering by spaceId: 2
[2025-03-13 19:32:12] [ INFO ] [SpaceImageService:59] Space images found: 1
[2025-03-13 19:32:12] [ INFO ] [SpaceImageService:44] Finding space images
[2025-03-13 19:32:12] [ INFO ] [SpaceImageService:49] Filtering by spaceId: 3
[2025-03-13 19:32:12] [ INFO ] [SpaceImageService:59] Space images found: 1
[2025-03-13 19:32:12] [ INFO ] [SpaceImageService:44] Finding space images
[2025-03-13 19:32:12] [ INFO ] [SpaceImageService:49] Filtering by spaceId: 2
[2025-03-13 19:32:12] [ INFO ] [SpaceImageService:59] Space images found: 1
[2025-03-13 19:32:12] [ INFO ] [SpaceImageService:44] Finding space images
[2025-03-13 19:32:12] [ INFO ] [SpaceImageService:49] Filtering by spaceId: 4
[2025-03-13 19:32:12] [ INFO ] [SpaceImageService:59] Space images found: 1
[2025-03-13 19:32:12] [ INFO ] [SpaceImageService:44] Finding space images
[2025-03-13 19:32:12] [ INFO ] [SpaceImageService:49] Filtering by spaceId: 3
[2025-03-13 19:32:12] [ INFO ] [SpaceImageService:59] Space images found: 1
[2025-03-13 19:32:12] [ INFO ] [SpaceImageService:44] Finding space images
[2025-03-13 19:32:12] [ INFO ] [SpaceImageService:49] Filtering by spaceId: 5
[2025-03-13 19:32:12] [ INFO ] [SpaceImageService:59] Space images found: 1
[2025-03-13 19:32:12] [ INFO ] [SpaceImageService:44] Finding space images
[2025-03-13 19:32:12] [ INFO ] [SpaceImageService:49] Filtering by spaceId: 4
[2025-03-13 19:32:12] [ INFO ] [SpaceImageService:59] Space images found: 1
[2025-03-13 19:32:12] [ INFO ] [SpaceImageService:44] Finding space images
[2025-03-13 19:32:12] [ INFO ] [SpaceImageService:49] Filtering by spaceId: 5
[2025-03-13 19:32:12] [ INFO ] [SpaceImageService:59] Space images found: 1
[2025-03-13 19:32:12] [ INFO ] [SpaceImageService:44] Finding space images
[2025-03-13 19:32:12] [ INFO ] [SpaceImageService:49] Filtering by spaceId: 10
[2025-03-13 19:32:12] [ INFO ] [SpaceImageService:59] Space images found: 1
[2025-03-13 19:32:12] [ INFO ] [SpaceImageService:44] Finding space images
[2025-03-13 19:32:12] [ INFO ] [SpaceImageService:49] Filtering by spaceId: 10
[2025-03-13 19:32:12] [ INFO ] [SpaceImageService:59] Space images found: 1
[2025-03-13 19:32:12] [ INFO ] [SpaceImageService:44] Finding space images
[2025-03-13 19:32:12] [ INFO ] [SpaceImageService:49] Filtering by spaceId: 11
[2025-03-13 19:32:12] [ INFO ] [SpaceImageService:59] Space images found: 1
[2025-03-13 19:32:12] [ INFO ] [SpaceService:60] Spaces found: 7
[2025-03-13 19:32:12] [ INFO ] [SpaceImageService:59] Space images found: 1
[2025-03-13 19:32:12] [ INFO ] [SpaceImageService:44] Finding space images
[2025-03-13 19:32:12] [ INFO ] [SpaceImageService:49] Filtering by spaceId: 11
[2025-03-13 19:32:12] [ INFO ] [SpaceImageService:59] Space images found: 1
[2025-03-13 19:32:12] [ INFO ] [SpaceService:60] Spaces found: 7
[2025-03-13 19:32:17] [ INFO ] [SpaceService:66] Finding space by id: 1
[2025-03-13 19:32:17] [ INFO ] [SpaceService:73] Space found with id: 1
[2025-03-13 19:32:17] [ INFO ] [SpaceService:66] Finding space by id: 1
[2025-03-13 19:32:17] [ INFO ] [SpaceImageService:44] Finding space images
[2025-03-13 19:32:17] [ INFO ] [SpaceImageService:49] Filtering by spaceId: 1
[2025-03-13 19:32:17] [ INFO ] [SpaceImageService:59] Space images found: 1
[2025-03-13 19:32:17] [ INFO ] [SpaceService:73] Space found with id: 1
[2025-03-13 19:32:17] [ INFO ] [SpaceImageService:44] Finding space images
[2025-03-13 19:32:17] [ INFO ] [SpaceImageService:49] Filtering by spaceId: 1
[2025-03-13 19:32:17] [ INFO ] [SpaceImageService:59] Space images found: 1
[2025-03-13 19:32:18] [ INFO ] [SpaceService:56] Finding all spaces
[2025-03-13 19:32:18] [ INFO ] [SpaceService:56] Finding all spaces
[2025-03-13 19:32:18] [ INFO ] [SpaceImageService:44] Finding space images
[2025-03-13 19:32:18] [ INFO ] [SpaceImageService:49] Filtering by spaceId: 1
[2025-03-13 19:32:18] [ INFO ] [SpaceImageService:59] Space images found: 1
[2025-03-13 19:32:18] [ INFO ] [SpaceImageService:44] Finding space images
[2025-03-13 19:32:18] [ INFO ] [SpaceImageService:49] Filtering by spaceId: 2
[2025-03-13 19:32:18] [ INFO ] [SpaceImageService:44] Finding space images
[2025-03-13 19:32:18] [ INFO ] [SpaceImageService:49] Filtering by spaceId: 1
[2025-03-13 19:32:18] [ INFO ] [SpaceImageService:59] Space images found: 1
[2025-03-13 19:32:18] [ INFO ] [SpaceImageService:59] Space images found: 1
[2025-03-13 19:32:18] [ INFO ] [SpaceImageService:44] Finding space images
[2025-03-13 19:32:18] [ INFO ] [SpaceImageService:49] Filtering by spaceId: 2
[2025-03-13 19:32:18] [ INFO ] [SpaceImageService:44] Finding space images
[2025-03-13 19:32:18] [ INFO ] [SpaceImageService:49] Filtering by spaceId: 3
[2025-03-13 19:32:18] [ INFO ] [SpaceImageService:59] Space images found: 1
[2025-03-13 19:32:18] [ INFO ] [SpaceImageService:44] Finding space images
[2025-03-13 19:32:18] [ INFO ] [SpaceImageService:49] Filtering by spaceId: 4
[2025-03-13 19:32:18] [ INFO ] [SpaceImageService:59] Space images found: 1
[2025-03-13 19:32:18] [ INFO ] [SpaceImageService:44] Finding space images
[2025-03-13 19:32:18] [ INFO ] [SpaceImageService:49] Filtering by spaceId: 3
[2025-03-13 19:32:18] [ INFO ] [SpaceImageService:59] Space images found: 1
[2025-03-13 19:32:18] [ INFO ] [SpaceImageService:44] Finding space images
[2025-03-13 19:32:18] [ INFO ] [SpaceImageService:49] Filtering by spaceId: 5
[2025-03-13 19:32:18] [ INFO ] [SpaceImageService:59] Space images found: 1
[2025-03-13 19:32:18] [ INFO ] [SpaceImageService:44] Finding space images
[2025-03-13 19:32:18] [ INFO ] [SpaceImageService:49] Filtering by spaceId: 4
[2025-03-13 19:32:18] [ INFO ] [SpaceImageService:59] Space images found: 1
[2025-03-13 19:32:18] [ INFO ] [SpaceImageService:44] Finding space images
[2025-03-13 19:32:18] [ INFO ] [SpaceImageService:49] Filtering by spaceId: 10
[2025-03-13 19:32:18] [ INFO ] [SpaceImageService:59] Space images found: 1
[2025-03-13 19:32:18] [ INFO ] [SpaceImageService:44] Finding space images
[2025-03-13 19:32:18] [ INFO ] [SpaceImageService:49] Filtering by spaceId: 5
[2025-03-13 19:32:18] [ INFO ] [SpaceImageService:59] Space images found: 1
[2025-03-13 19:32:18] [ INFO ] [SpaceImageService:44] Finding space images
[2025-03-13 19:32:18] [ INFO ] [SpaceImageService:49] Filtering by spaceId: 10
[2025-03-13 19:32:18] [ INFO ] [SpaceImageService:59] Space images found: 1
[2025-03-13 19:32:18] [ INFO ] [SpaceImageService:44] Finding space images
[2025-03-13 19:32:18] [ INFO ] [SpaceImageService:49] Filtering by spaceId: 11
[2025-03-13 19:32:18] [ INFO ] [SpaceImageService:59] Space images found: 1
[2025-03-13 19:32:18] [ INFO ] [SpaceService:60] Spaces found: 7
[2025-03-13 19:32:18] [ INFO ] [SpaceImageService:59] Space images found: 1
[2025-03-13 19:32:18] [ INFO ] [SpaceImageService:44] Finding space images
[2025-03-13 19:32:18] [ INFO ] [SpaceImageService:49] Filtering by spaceId: 11
[2025-03-13 19:32:18] [ INFO ] [SpaceImageService:59] Space images found: 1
[2025-03-13 19:32:18] [ INFO ] [SpaceService:60] Spaces found: 7
[2025-03-13 19:32:21] [ INFO ] [SpaceService:56] Finding all spaces
[2025-03-13 19:32:21] [ INFO ] [SpaceService:56] Finding all spaces
[2025-03-13 19:32:21] [ INFO ] [SpaceImageService:44] Finding space images
[2025-03-13 19:32:21] [ INFO ] [SpaceImageService:49] Filtering by spaceId: 1
[2025-03-13 19:32:21] [ INFO ] [SpaceImageService:44] Finding space images
[2025-03-13 19:32:21] [ INFO ] [SpaceImageService:49] Filtering by spaceId: 1
[2025-03-13 19:32:21] [ INFO ] [SpaceImageService:59] Space images found: 1
[2025-03-13 19:32:21] [ INFO ] [SpaceImageService:44] Finding space images
[2025-03-13 19:32:21] [ INFO ] [SpaceImageService:49] Filtering by spaceId: 2
[2025-03-13 19:32:21] [ INFO ] [SpaceImageService:59] Space images found: 1
[2025-03-13 19:32:21] [ INFO ] [SpaceImageService:44] Finding space images
[2025-03-13 19:32:21] [ INFO ] [SpaceImageService:49] Filtering by spaceId: 2
[2025-03-13 19:32:21] [ INFO ] [SpaceImageService:59] Space images found: 1
[2025-03-13 19:32:21] [ INFO ] [SpaceImageService:59] Space images found: 1
[2025-03-13 19:32:21] [ INFO ] [SpaceImageService:44] Finding space images
[2025-03-13 19:32:21] [ INFO ] [SpaceImageService:44] Finding space images
[2025-03-13 19:32:21] [ INFO ] [SpaceImageService:49] Filtering by spaceId: 3
[2025-03-13 19:32:21] [ INFO ] [SpaceImageService:49] Filtering by spaceId: 3
[2025-03-13 19:32:21] [ INFO ] [SpaceImageService:59] Space images found: 1
[2025-03-13 19:32:21] [ INFO ] [SpaceImageService:44] Finding space images
[2025-03-13 19:32:21] [ INFO ] [SpaceImageService:49] Filtering by spaceId: 4
[2025-03-13 19:32:21] [ INFO ] [SpaceImageService:59] Space images found: 1
[2025-03-13 19:32:21] [ INFO ] [SpaceImageService:44] Finding space images
[2025-03-13 19:32:21] [ INFO ] [SpaceImageService:49] Filtering by spaceId: 4
[2025-03-13 19:32:21] [ INFO ] [SpaceImageService:59] Space images found: 1
[2025-03-13 19:32:21] [ INFO ] [SpaceImageService:44] Finding space images
[2025-03-13 19:32:21] [ INFO ] [SpaceImageService:49] Filtering by spaceId: 5
[2025-03-13 19:32:21] [ INFO ] [SpaceImageService:59] Space images found: 1
[2025-03-13 19:32:21] [ INFO ] [SpaceImageService:44] Finding space images
[2025-03-13 19:32:21] [ INFO ] [SpaceImageService:49] Filtering by spaceId: 5
[2025-03-13 19:32:21] [ INFO ] [SpaceImageService:59] Space images found: 1
[2025-03-13 19:32:21] [ INFO ] [SpaceImageService:59] Space images found: 1
[2025-03-13 19:32:21] [ INFO ] [SpaceImageService:44] Finding space images
[2025-03-13 19:32:21] [ INFO ] [SpaceImageService:49] Filtering by spaceId: 10
[2025-03-13 19:32:21] [ INFO ] [SpaceImageService:44] Finding space images
[2025-03-13 19:32:21] [ INFO ] [SpaceImageService:49] Filtering by spaceId: 10
[2025-03-13 19:32:21] [ INFO ] [SpaceImageService:59] Space images found: 1
[2025-03-13 19:32:21] [ INFO ] [SpaceImageService:44] Finding space images
[2025-03-13 19:32:21] [ INFO ] [SpaceImageService:49] Filtering by spaceId: 11
[2025-03-13 19:32:21] [ INFO ] [SpaceImageService:59] Space images found: 1
[2025-03-13 19:32:21] [ INFO ] [SpaceImageService:44] Finding space images
[2025-03-13 19:32:21] [ INFO ] [SpaceImageService:49] Filtering by spaceId: 11
[2025-03-13 19:32:21] [ INFO ] [SpaceImageService:59] Space images found: 1
[2025-03-13 19:32:21] [ INFO ] [SpaceService:60] Spaces found: 7
[2025-03-13 19:32:21] [ INFO ] [SpaceImageService:59] Space images found: 1
[2025-03-13 19:32:21] [ INFO ] [SpaceService:60] Spaces found: 7
[2025-03-13 19:32:23] [ INFO ] [SpaceService:56] Finding all spaces
[2025-03-13 19:32:23] [ INFO ] [SpaceService:56] Finding all spaces
[2025-03-13 19:32:23] [ INFO ] [SpaceImageService:44] Finding space images
[2025-03-13 19:32:23] [ INFO ] [SpaceImageService:49] Filtering by spaceId: 1
[2025-03-13 19:32:23] [ INFO ] [SpaceImageService:44] Finding space images
[2025-03-13 19:32:23] [ INFO ] [SpaceImageService:49] Filtering by spaceId: 1
[2025-03-13 19:32:23] [ INFO ] [SpaceImageService:59] Space images found: 1
[2025-03-13 19:32:23] [ INFO ] [SpaceImageService:44] Finding space images
[2025-03-13 19:32:23] [ INFO ] [SpaceImageService:49] Filtering by spaceId: 2
[2025-03-13 19:32:23] [ INFO ] [SpaceImageService:59] Space images found: 1
[2025-03-13 19:32:23] [ INFO ] [SpaceImageService:44] Finding space images
[2025-03-13 19:32:23] [ INFO ] [SpaceImageService:49] Filtering by spaceId: 2
[2025-03-13 19:32:23] [ INFO ] [SpaceImageService:59] Space images found: 1
[2025-03-13 19:32:23] [ INFO ] [SpaceImageService:59] Space images found: 1
[2025-03-13 19:32:23] [ INFO ] [SpaceImageService:44] Finding space images
[2025-03-13 19:32:23] [ INFO ] [SpaceImageService:49] Filtering by spaceId: 3
[2025-03-13 19:32:23] [ INFO ] [SpaceImageService:44] Finding space images
[2025-03-13 19:32:23] [ INFO ] [SpaceImageService:49] Filtering by spaceId: 3
[2025-03-13 19:32:23] [ INFO ] [SpaceImageService:59] Space images found: 1
[2025-03-13 19:32:23] [ INFO ] [SpaceImageService:44] Finding space images
[2025-03-13 19:32:23] [ INFO ] [SpaceImageService:49] Filtering by spaceId: 4
[2025-03-13 19:32:23] [ INFO ] [SpaceImageService:59] Space images found: 1
[2025-03-13 19:32:23] [ INFO ] [SpaceImageService:44] Finding space images
[2025-03-13 19:32:23] [ INFO ] [SpaceImageService:49] Filtering by spaceId: 4
[2025-03-13 19:32:23] [ INFO ] [SpaceImageService:59] Space images found: 1
[2025-03-13 19:32:23] [ INFO ] [SpaceImageService:44] Finding space images
[2025-03-13 19:32:23] [ INFO ] [SpaceImageService:59] Space images found: 1
[2025-03-13 19:32:23] [ INFO ] [SpaceImageService:44] Finding space images
[2025-03-13 19:32:23] [ INFO ] [SpaceImageService:49] Filtering by spaceId: 5
[2025-03-13 19:32:23] [ INFO ] [SpaceImageService:49] Filtering by spaceId: 5
[2025-03-13 19:32:23] [ INFO ] [SpaceImageService:59] Space images found: 1
[2025-03-13 19:32:23] [ INFO ] [SpaceImageService:59] Space images found: 1
[2025-03-13 19:32:23] [ INFO ] [SpaceImageService:44] Finding space images
[2025-03-13 19:32:23] [ INFO ] [SpaceImageService:44] Finding space images
[2025-03-13 19:32:23] [ INFO ] [SpaceImageService:49] Filtering by spaceId: 10
[2025-03-13 19:32:23] [ INFO ] [SpaceImageService:49] Filtering by spaceId: 10
[2025-03-13 19:32:23] [ INFO ] [SpaceImageService:59] Space images found: 1
[2025-03-13 19:32:23] [ INFO ] [SpaceImageService:44] Finding space images
[2025-03-13 19:32:23] [ INFO ] [SpaceImageService:49] Filtering by spaceId: 11
[2025-03-13 19:32:23] [ INFO ] [SpaceImageService:59] Space images found: 1
[2025-03-13 19:32:23] [ INFO ] [SpaceImageService:44] Finding space images
[2025-03-13 19:32:23] [ INFO ] [SpaceImageService:49] Filtering by spaceId: 11
[2025-03-13 19:32:23] [ INFO ] [SpaceImageService:59] Space images found: 1
[2025-03-13 19:32:23] [ INFO ] [SpaceService:60] Spaces found: 7
[2025-03-13 19:32:23] [ INFO ] [SpaceImageService:59] Space images found: 1
[2025-03-13 19:32:23] [ INFO ] [SpaceService:60] Spaces found: 7
[2025-03-13 19:32:26] [ INFO ] [SpaceService:56] Finding all spaces
[2025-03-13 19:32:26] [ INFO ] [SpaceService:56] Finding all spaces
[2025-03-13 19:32:26] [ INFO ] [SpaceImageService:44] Finding space images
[2025-03-13 19:32:26] [ INFO ] [SpaceImageService:44] Finding space images
[2025-03-13 19:32:26] [ INFO ] [SpaceImageService:49] Filtering by spaceId: 1
[2025-03-13 19:32:26] [ INFO ] [SpaceImageService:49] Filtering by spaceId: 1
[2025-03-13 19:32:26] [ INFO ] [SpaceImageService:59] Space images found: 1
[2025-03-13 19:32:26] [ INFO ] [SpaceImageService:44] Finding space images
[2025-03-13 19:32:26] [ INFO ] [SpaceImageService:49] Filtering by spaceId: 2
[2025-03-13 19:32:26] [ INFO ] [SpaceImageService:59] Space images found: 1
[2025-03-13 19:32:26] [ INFO ] [SpaceImageService:44] Finding space images
[2025-03-13 19:32:26] [ INFO ] [SpaceImageService:49] Filtering by spaceId: 2
[2025-03-13 19:32:26] [ INFO ] [SpaceImageService:59] Space images found: 1
[2025-03-13 19:32:26] [ INFO ] [SpaceImageService:44] Finding space images
[2025-03-13 19:32:26] [ INFO ] [SpaceImageService:49] Filtering by spaceId: 3
[2025-03-13 19:32:26] [ INFO ] [SpaceImageService:59] Space images found: 1
[2025-03-13 19:32:26] [ INFO ] [SpaceImageService:44] Finding space images
[2025-03-13 19:32:26] [ INFO ] [SpaceImageService:49] Filtering by spaceId: 3
[2025-03-13 19:32:26] [ INFO ] [SpaceImageService:59] Space images found: 1
[2025-03-13 19:32:26] [ INFO ] [SpaceImageService:59] Space images found: 1
[2025-03-13 19:32:26] [ INFO ] [SpaceImageService:44] Finding space images
[2025-03-13 19:32:26] [ INFO ] [SpaceImageService:49] Filtering by spaceId: 4
[2025-03-13 19:32:26] [ INFO ] [SpaceImageService:44] Finding space images
[2025-03-13 19:32:26] [ INFO ] [SpaceImageService:49] Filtering by spaceId: 4
[2025-03-13 19:32:26] [ INFO ] [SpaceImageService:59] Space images found: 1
[2025-03-13 19:32:26] [ INFO ] [SpaceImageService:59] Space images found: 1
[2025-03-13 19:32:26] [ INFO ] [SpaceImageService:44] Finding space images
[2025-03-13 19:32:26] [ INFO ] [SpaceImageService:49] Filtering by spaceId: 5
[2025-03-13 19:32:26] [ INFO ] [SpaceImageService:44] Finding space images
[2025-03-13 19:32:26] [ INFO ] [SpaceImageService:49] Filtering by spaceId: 5
[2025-03-13 19:32:26] [ INFO ] [SpaceImageService:59] Space images found: 1
[2025-03-13 19:32:26] [ INFO ] [SpaceImageService:44] Finding space images
[2025-03-13 19:32:26] [ INFO ] [SpaceImageService:49] Filtering by spaceId: 10
[2025-03-13 19:32:26] [ INFO ] [SpaceImageService:59] Space images found: 1
[2025-03-13 19:32:26] [ INFO ] [SpaceImageService:44] Finding space images
[2025-03-13 19:32:26] [ INFO ] [SpaceImageService:49] Filtering by spaceId: 10
[2025-03-13 19:32:26] [ INFO ] [SpaceImageService:59] Space images found: 1
[2025-03-13 19:32:26] [ INFO ] [SpaceImageService:59] Space images found: 1
[2025-03-13 19:32:26] [ INFO ] [SpaceImageService:44] Finding space images
[2025-03-13 19:32:26] [ INFO ] [SpaceImageService:49] Filtering by spaceId: 11
[2025-03-13 19:32:26] [ INFO ] [SpaceImageService:44] Finding space images
[2025-03-13 19:32:26] [ INFO ] [SpaceImageService:49] Filtering by spaceId: 11
[2025-03-13 19:32:26] [ INFO ] [SpaceImageService:59] Space images found: 1
[2025-03-13 19:32:26] [ INFO ] [SpaceService:60] Spaces found: 7
[2025-03-13 19:32:26] [ INFO ] [SpaceImageService:59] Space images found: 1
[2025-03-13 19:32:26] [ INFO ] [SpaceService:60] Spaces found: 7
[2025-03-13 19:32:27] [ INFO ] [SpaceService:56] Finding all spaces
[2025-03-13 19:32:27] [ INFO ] [SpaceService:56] Finding all spaces
[2025-03-13 19:32:27] [ INFO ] [SpaceImageService:44] Finding space images
[2025-03-13 19:32:27] [ INFO ] [SpaceImageService:49] Filtering by spaceId: 1
[2025-03-13 19:32:27] [ INFO ] [SpaceImageService:44] Finding space images
[2025-03-13 19:32:27] [ INFO ] [SpaceImageService:49] Filtering by spaceId: 1
[2025-03-13 19:32:27] [ INFO ] [SpaceImageService:59] Space images found: 1
[2025-03-13 19:32:27] [ INFO ] [SpaceImageService:44] Finding space images
[2025-03-13 19:32:27] [ INFO ] [SpaceImageService:49] Filtering by spaceId: 2
[2025-03-13 19:32:27] [ INFO ] [SpaceImageService:59] Space images found: 1
[2025-03-13 19:32:27] [ INFO ] [SpaceImageService:44] Finding space images
[2025-03-13 19:32:27] [ INFO ] [SpaceImageService:49] Filtering by spaceId: 2
[2025-03-13 19:32:27] [ INFO ] [SpaceImageService:59] Space images found: 1
[2025-03-13 19:32:27] [ INFO ] [SpaceImageService:44] Finding space images
[2025-03-13 19:32:27] [ INFO ] [SpaceImageService:49] Filtering by spaceId: 3
[2025-03-13 19:32:27] [ INFO ] [SpaceImageService:59] Space images found: 1
[2025-03-13 19:32:27] [ INFO ] [SpaceImageService:44] Finding space images
[2025-03-13 19:32:27] [ INFO ] [SpaceImageService:49] Filtering by spaceId: 3
[2025-03-13 19:32:27] [ INFO ] [SpaceImageService:59] Space images found: 1
[2025-03-13 19:32:27] [ INFO ] [SpaceImageService:44] Finding space images
[2025-03-13 19:32:27] [ INFO ] [SpaceImageService:49] Filtering by spaceId: 4
[2025-03-13 19:32:27] [ INFO ] [SpaceImageService:59] Space images found: 1
[2025-03-13 19:32:27] [ INFO ] [SpaceImageService:44] Finding space images
[2025-03-13 19:32:27] [ INFO ] [SpaceImageService:49] Filtering by spaceId: 4
[2025-03-13 19:32:27] [ INFO ] [SpaceImageService:59] Space images found: 1
[2025-03-13 19:32:27] [ INFO ] [SpaceImageService:44] Finding space images
[2025-03-13 19:32:27] [ INFO ] [SpaceImageService:49] Filtering by spaceId: 5
[2025-03-13 19:32:27] [ INFO ] [SpaceImageService:59] Space images found: 1
[2025-03-13 19:32:27] [ INFO ] [SpaceImageService:44] Finding space images
[2025-03-13 19:32:27] [ INFO ] [SpaceImageService:49] Filtering by spaceId: 5
[2025-03-13 19:32:27] [ INFO ] [SpaceImageService:59] Space images found: 1
[2025-03-13 19:32:27] [ INFO ] [SpaceImageService:44] Finding space images
[2025-03-13 19:32:27] [ INFO ] [SpaceImageService:49] Filtering by spaceId: 10
[2025-03-13 19:32:27] [ INFO ] [SpaceImageService:59] Space images found: 1
[2025-03-13 19:32:27] [ INFO ] [SpaceImageService:44] Finding space images
[2025-03-13 19:32:27] [ INFO ] [SpaceImageService:49] Filtering by spaceId: 10
[2025-03-13 19:32:27] [ INFO ] [SpaceImageService:59] Space images found: 1
[2025-03-13 19:32:27] [ INFO ] [SpaceImageService:44] Finding space images
[2025-03-13 19:32:27] [ INFO ] [SpaceImageService:49] Filtering by spaceId: 11
[2025-03-13 19:32:27] [ INFO ] [SpaceImageService:59] Space images found: 1
[2025-03-13 19:32:27] [ INFO ] [SpaceImageService:44] Finding space images
[2025-03-13 19:32:27] [ INFO ] [SpaceImageService:49] Filtering by spaceId: 11
[2025-03-13 19:32:27] [ INFO ] [SpaceImageService:59] Space images found: 1
[2025-03-13 19:32:27] [ INFO ] [SpaceService:60] Spaces found: 7
[2025-03-13 19:32:27] [ INFO ] [SpaceImageService:59] Space images found: 1
[2025-03-13 19:32:27] [ INFO ] [SpaceService:60] Spaces found: 7
[2025-03-13 19:33:29] [ INFO ] [SpaceService:66] Finding space by id: 2
[2025-03-13 19:33:29] [ INFO ] [SpaceService:73] Space found with id: 2
[2025-03-13 19:33:29] [ INFO ] [SpaceImageService:44] Finding space images
[2025-03-13 19:33:29] [ INFO ] [SpaceImageService:49] Filtering by spaceId: 2
[2025-03-13 19:33:29] [ INFO ] [SpaceService:66] Finding space by id: 2
[2025-03-13 19:33:29] [ INFO ] [SpaceImageService:59] Space images found: 1
[2025-03-13 19:33:29] [ INFO ] [SpaceService:73] Space found with id: 2
[2025-03-13 19:33:29] [ INFO ] [SpaceImageService:44] Finding space images
[2025-03-13 19:33:29] [ INFO ] [SpaceImageService:49] Filtering by spaceId: 2
[2025-03-13 19:33:29] [ INFO ] [SpaceImageService:59] Space images found: 1
[2025-03-13 19:33:42] [ INFO ] [SpaceService:56] Finding all spaces
[2025-03-13 19:33:42] [ INFO ] [SpaceService:56] Finding all spaces
[2025-03-13 19:33:42] [ INFO ] [SpaceImageService:44] Finding space images
[2025-03-13 19:33:42] [ INFO ] [SpaceImageService:49] Filtering by spaceId: 1
[2025-03-13 19:33:42] [ INFO ] [SpaceImageService:59] Space images found: 1
[2025-03-13 19:33:42] [ INFO ] [SpaceImageService:44] Finding space images
[2025-03-13 19:33:42] [ INFO ] [SpaceImageService:49] Filtering by spaceId: 2
[2025-03-13 19:33:42] [ INFO ] [SpaceImageService:59] Space images found: 1
[2025-03-13 19:33:42] [ INFO ] [SpaceImageService:44] Finding space images
[2025-03-13 19:33:42] [ INFO ] [SpaceImageService:49] Filtering by spaceId: 3
[2025-03-13 19:33:42] [ INFO ] [SpaceImageService:44] Finding space images
[2025-03-13 19:33:42] [ INFO ] [SpaceImageService:49] Filtering by spaceId: 1
[2025-03-13 19:33:42] [ INFO ] [SpaceImageService:59] Space images found: 1
[2025-03-13 19:33:42] [ INFO ] [SpaceImageService:59] Space images found: 1
[2025-03-13 19:33:42] [ INFO ] [SpaceImageService:44] Finding space images
[2025-03-13 19:33:42] [ INFO ] [SpaceImageService:49] Filtering by spaceId: 2
[2025-03-13 19:33:42] [ INFO ] [SpaceImageService:44] Finding space images
[2025-03-13 19:33:42] [ INFO ] [SpaceImageService:49] Filtering by spaceId: 4
[2025-03-13 19:33:42] [ INFO ] [SpaceImageService:59] Space images found: 1
[2025-03-13 19:33:42] [ INFO ] [SpaceImageService:44] Finding space images
[2025-03-13 19:33:42] [ INFO ] [SpaceImageService:49] Filtering by spaceId: 5
[2025-03-13 19:33:42] [ INFO ] [SpaceImageService:59] Space images found: 1
[2025-03-13 19:33:42] [ INFO ] [SpaceImageService:44] Finding space images
[2025-03-13 19:33:42] [ INFO ] [SpaceImageService:49] Filtering by spaceId: 3
[2025-03-13 19:33:42] [ INFO ] [SpaceImageService:59] Space images found: 1
[2025-03-13 19:33:42] [ INFO ] [SpaceImageService:44] Finding space images
[2025-03-13 19:33:42] [ INFO ] [SpaceImageService:49] Filtering by spaceId: 4
[2025-03-13 19:33:42] [ INFO ] [SpaceImageService:59] Space images found: 1
[2025-03-13 19:33:42] [ INFO ] [SpaceImageService:44] Finding space images
[2025-03-13 19:33:42] [ INFO ] [SpaceImageService:49] Filtering by spaceId: 10
[2025-03-13 19:33:42] [ INFO ] [SpaceImageService:59] Space images found: 1
[2025-03-13 19:33:42] [ INFO ] [SpaceImageService:44] Finding space images
[2025-03-13 19:33:42] [ INFO ] [SpaceImageService:49] Filtering by spaceId: 5
[2025-03-13 19:33:42] [ INFO ] [SpaceImageService:59] Space images found: 1
[2025-03-13 19:33:42] [ INFO ] [SpaceImageService:44] Finding space images
[2025-03-13 19:33:42] [ INFO ] [SpaceImageService:49] Filtering by spaceId: 11
[2025-03-13 19:33:42] [ INFO ] [SpaceImageService:59] Space images found: 1
[2025-03-13 19:33:42] [ INFO ] [SpaceImageService:59] Space images found: 1
[2025-03-13 19:33:42] [ INFO ] [SpaceImageService:44] Finding space images
[2025-03-13 19:33:42] [ INFO ] [SpaceImageService:49] Filtering by spaceId: 10
[2025-03-13 19:33:42] [ INFO ] [SpaceService:60] Spaces found: 7
[2025-03-13 19:33:42] [ INFO ] [SpaceImageService:59] Space images found: 1
[2025-03-13 19:33:42] [ INFO ] [SpaceImageService:44] Finding space images
[2025-03-13 19:33:42] [ INFO ] [SpaceImageService:49] Filtering by spaceId: 11
[2025-03-13 19:33:42] [ INFO ] [SpaceImageService:59] Space images found: 1
[2025-03-13 19:33:42] [ INFO ] [SpaceService:60] Spaces found: 7
[2025-03-13 20:31:34] [ INFO ] [SpaceService:56] Finding all spaces
[2025-03-13 20:31:34] [ INFO ] [SpaceService:56] Finding all spaces
[2025-03-13 20:31:34] [ INFO ] [SpaceImageService:44] Finding space images
[2025-03-13 20:31:34] [ INFO ] [SpaceImageService:49] Filtering by spaceId: 1
[2025-03-13 20:31:34] [ INFO ] [SpaceImageService:44] Finding space images
[2025-03-13 20:31:34] [ INFO ] [SpaceImageService:49] Filtering by spaceId: 1
[2025-03-13 20:31:34] [ INFO ] [SpaceImageService:59] Space images found: 1
[2025-03-13 20:31:34] [ INFO ] [SpaceImageService:44] Finding space images
[2025-03-13 20:31:34] [ INFO ] [SpaceImageService:49] Filtering by spaceId: 2
[2025-03-13 20:31:34] [ INFO ] [SpaceImageService:59] Space images found: 1
[2025-03-13 20:31:34] [ INFO ] [SpaceImageService:44] Finding space images
[2025-03-13 20:31:34] [ INFO ] [SpaceImageService:49] Filtering by spaceId: 2
[2025-03-13 20:31:34] [ INFO ] [SpaceImageService:59] Space images found: 1
[2025-03-13 20:31:34] [ INFO ] [SpaceImageService:44] Finding space images
[2025-03-13 20:31:34] [ INFO ] [SpaceImageService:49] Filtering by spaceId: 3
[2025-03-13 20:31:34] [ INFO ] [SpaceImageService:59] Space images found: 1
[2025-03-13 20:31:34] [ INFO ] [SpaceImageService:44] Finding space images
[2025-03-13 20:31:34] [ INFO ] [SpaceImageService:49] Filtering by spaceId: 3
[2025-03-13 20:31:34] [ INFO ] [SpaceImageService:59] Space images found: 1
[2025-03-13 20:31:34] [ INFO ] [SpaceImageService:44] Finding space images
[2025-03-13 20:31:34] [ INFO ] [SpaceImageService:49] Filtering by spaceId: 4
[2025-03-13 20:31:34] [ INFO ] [SpaceImageService:59] Space images found: 1
[2025-03-13 20:31:34] [ INFO ] [SpaceImageService:44] Finding space images
[2025-03-13 20:31:34] [ INFO ] [SpaceImageService:49] Filtering by spaceId: 4
[2025-03-13 20:31:34] [ INFO ] [SpaceImageService:59] Space images found: 1
[2025-03-13 20:31:34] [ INFO ] [SpaceImageService:44] Finding space images
[2025-03-13 20:31:34] [ INFO ] [SpaceImageService:49] Filtering by spaceId: 5
[2025-03-13 20:31:34] [ INFO ] [SpaceImageService:59] Space images found: 1
[2025-03-13 20:31:34] [ INFO ] [SpaceImageService:44] Finding space images
[2025-03-13 20:31:34] [ INFO ] [SpaceImageService:49] Filtering by spaceId: 5
[2025-03-13 20:31:34] [ INFO ] [SpaceImageService:59] Space images found: 1
[2025-03-13 20:31:34] [ INFO ] [SpaceImageService:44] Finding space images
[2025-03-13 20:31:34] [ INFO ] [SpaceImageService:49] Filtering by spaceId: 10
[2025-03-13 20:31:34] [ INFO ] [SpaceImageService:59] Space images found: 1
[2025-03-13 20:31:34] [ INFO ] [SpaceImageService:44] Finding space images
[2025-03-13 20:31:34] [ INFO ] [SpaceImageService:49] Filtering by spaceId: 10
[2025-03-13 20:31:34] [ INFO ] [SpaceImageService:59] Space images found: 1
[2025-03-13 20:31:34] [ INFO ] [SpaceImageService:44] Finding space images
[2025-03-13 20:31:34] [ INFO ] [SpaceImageService:49] Filtering by spaceId: 11
[2025-03-13 20:31:34] [ INFO ] [SpaceImageService:59] Space images found: 1
[2025-03-13 20:31:34] [ INFO ] [SpaceImageService:59] Space images found: 1
[2025-03-13 20:31:34] [ INFO ] [SpaceService:60] Spaces found: 7
[2025-03-13 20:31:34] [ INFO ] [SpaceImageService:44] Finding space images
[2025-03-13 20:31:34] [ INFO ] [SpaceImageService:49] Filtering by spaceId: 11
[2025-03-13 20:31:34] [ INFO ] [SpaceImageService:59] Space images found: 1
[2025-03-13 20:31:34] [ INFO ] [SpaceService:60] Spaces found: 7
